new_filename,normal,bacteria,virus,COVID-19
3953.jpeg,0,1,0,0
5275.jpg,0,1,0,0
3766.jpeg,0,0,1,0
1006.jpeg,1,0,0,0
4827.jpeg,0,0,1,0
1243.jpeg,1,0,0,0
4430.jpeg,0,0,1,0
1062.jpeg,1,0,0,0
313.jpeg,1,0,0,0
2911.jpeg,0,0,1,0
495.jpeg,1,0,0,0
5906.jpeg,0,0,1,0
2658.jpeg,0,1,0,0
1994.jpeg,0,1,0,0
923.jpeg,1,0,0,0
4673.jpeg,0,1,0,0
2033.jpeg,0,1,0,0
5584.jpeg,0,1,0,0
485.jpeg,1,0,0,0
2721.jpeg,0,1,0,0
3173.jpeg,0,1,0,0
4305.jpeg,0,1,0,0
144.jpeg,1,0,0,0
5488.jpeg,1,0,0,0
3286.jpeg,0,0,1,0
3212.jpeg,0,0,1,0
4179.jpeg,0,0,1,0
3826.jpeg,0,1,0,0
908.jpeg,1,0,0,0
5400.jpeg,1,0,0,0
410.jpeg,1,0,0,0
3784.jpeg,0,1,0,0
2036.jpeg,0,0,1,0
4550.jpeg,0,1,0,0
604.jpeg,1,0,0,0
105.jpeg,1,0,0,0
4625.jpeg,0,1,0,0
1351.jpeg,1,0,0,0
4102.jpeg,0,1,0,0
4152.jpeg,0,1,0,0
5848.jpeg,0,0,1,0
4218.jpeg,0,1,0,0
4525.jpeg,0,1,0,0
1520.jpeg,0,0,1,0
4579.jpeg,0,1,0,0
4200.jpeg,0,1,0,0
4126.jpeg,0,0,1,0
3277.jpeg,0,1,0,0
4119.jpeg,0,1,0,0
4352.jpeg,0,0,1,0
2436.jpeg,0,0,1,0
2723.jpeg,0,1,0,0
3789.jpeg,0,0,1,0
4419.jpeg,0,1,0,0
3236.jpeg,0,0,1,0
3107.jpeg,0,1,0,0
5360.jpeg,1,0,0,0
3306.jpeg,0,0,1,0
1408.jpeg,0,1,0,0
3855.jpeg,0,1,0,0
2837.jpeg,0,1,0,0
759.jpeg,1,0,0,0
5747.jpeg,0,1,0,0
2271.jpeg,0,0,1,0
3152.jpeg,0,1,0,0
129.jpeg,1,0,0,0
5080.jpeg,0,1,0,0
5420.jpeg,1,0,0,0
2638.jpeg,0,1,0,0
4092.jpeg,0,0,1,0
2855.jpeg,0,1,0,0
1434.jpeg,0,1,0,0
4513.jpeg,0,1,0,0
2126.jpeg,0,0,1,0
1996.jpeg,0,1,0,0
2296.jpeg,0,1,0,0
2833.jpeg,0,1,0,0
478.jpeg,1,0,0,0
1039.jpeg,1,0,0,0
4481.jpeg,0,1,0,0
899.jpeg,1,0,0,0
3628.jpeg,0,0,1,0
4209.jpeg,0,0,1,0
4876.jpeg,0,1,0,0
969.jpeg,1,0,0,0
5179.jpeg,0,0,1,0
5061.jpeg,0,1,0,0
4518.jpeg,0,0,1,0
2719.jpeg,0,1,0,0
2275.jpeg,0,0,1,0
2573.jpeg,0,0,1,0
602.jpeg,1,0,0,0
4007.jpeg,0,1,0,0
656.jpeg,1,0,0,0
5146.jpeg,0,1,0,0
3340.jpeg,0,1,0,0
3705.jpeg,0,1,0,0
1910.jpeg,0,1,0,0
4789.jpeg,0,0,1,0
1797.jpeg,0,1,0,0
5857.jpeg,0,1,0,0
3529.jpeg,0,1,0,0
3548.jpeg,0,1,0,0
3633.jpeg,0,1,0,0
4293.jpeg,0,1,0,0
4208.jpeg,0,1,0,0
3684.jpeg,0,0,1,0
4866.jpeg,0,1,0,0
907.jpeg,1,0,0,0
5598.jpeg,0,1,0,0
1987.jpeg,0,0,1,0
917.jpeg,1,0,0,0
1805.jpeg,0,0,1,0
1.jpg,0,0,0,1
5596.jpeg,0,1,0,0
1410.jpeg,0,0,1,0
3220.jpeg,0,0,1,0
3026.jpeg,0,0,1,0
19.jpeg,0,0,0,1
3841.jpeg,0,0,1,0
4061.jpeg,0,0,1,0
3671.jpeg,0,1,0,0
5737.jpeg,0,1,0,0
2548.jpeg,0,1,0,0
3955.jpeg,0,1,0,0
1928.jpeg,0,1,0,0
4295.jpeg,0,0,1,0
794.jpeg,1,0,0,0
3851.jpeg,0,1,0,0
5882.jpeg,0,0,1,0
1401.jpeg,0,0,1,0
1544.jpeg,0,1,0,0
2380.jpeg,0,1,0,0
2748.jpeg,0,1,0,0
3252.jpeg,0,1,0,0
5203.jpeg,0,1,0,0
0.jpg,0,0,0,1
2512.jpeg,0,0,1,0
509.jpeg,1,0,0,0
5835.jpeg,0,0,1,0
1636.jpeg,0,1,0,0
5810.jpeg,0,0,1,0
3422.jpeg,0,1,0,0
5515.jpeg,1,0,0,0
1097.jpeg,1,0,0,0
1652.jpeg,0,1,0,0
3771.jpeg,0,1,0,0
149.jpeg,1,0,0,0
5738.jpeg,0,1,0,0
553.jpeg,1,0,0,0
682.jpeg,1,0,0,0
5566.jpeg,0,0,1,0
1460.jpeg,0,0,1,0
494.jpeg,1,0,0,0
4087.jpeg,0,1,0,0
4493.jpeg,0,1,0,0
2303.jpeg,0,0,1,0
2355.jpeg,0,0,1,0
4467.jpeg,0,1,0,0
1963.jpeg,0,1,0,0
2711.jpeg,0,1,0,0
4311.jpeg,0,1,0,0
764.jpeg,1,0,0,0
4268.jpeg,0,1,0,0
2449.jpeg,0,1,0,0
295.jpeg,1,0,0,0
2785.jpeg,0,1,0,0
4408.jpeg,0,1,0,0
526.jpeg,1,0,0,0
5141.jpeg,0,0,1,0
5725.jpeg,0,1,0,0
403.jpeg,1,0,0,0
3552.jpeg,0,1,0,0
3837.jpeg,0,1,0,0
5001.jpeg,0,1,0,0
294.jpeg,1,0,0,0
1029.jpeg,1,0,0,0
2590.jpeg,0,1,0,0
158.jpeg,1,0,0,0
2736.jpeg,0,1,0,0
2838.jpeg,0,1,0,0
104.jpeg,1,0,0,0
1309.jpeg,1,0,0,0
649.jpeg,1,0,0,0
4555.jpeg,0,0,1,0
2302.jpeg,0,1,0,0
1360.jpeg,1,0,0,0
3562.jpeg,0,0,1,0
5302.jpeg,1,0,0,0
361.jpeg,1,0,0,0
3280.jpeg,0,0,1,0
2241.jpeg,0,1,0,0
4270.jpeg,0,1,0,0
4046.jpeg,0,1,0,0
5750.jpeg,0,1,0,0
5346.jpeg,1,0,0,0
869.jpeg,1,0,0,0
229.jpeg,1,0,0,0
5616.jpeg,0,1,0,0
934.jpeg,1,0,0,0
626.jpeg,1,0,0,0
4123.jpeg,0,1,0,0
1878.jpeg,0,0,1,0
3936.jpeg,0,1,0,0
4449.jpeg,0,0,1,0
4194.jpeg,0,0,1,0
221.jpeg,1,0,0,0
845.jpeg,1,0,0,0
1645.jpeg,0,0,1,0
3409.jpeg,0,1,0,0
89.jpeg,1,0,0,0
1832.jpeg,0,1,0,0
3456.jpeg,0,1,0,0
1674.jpeg,0,1,0,0
1341.jpeg,1,0,0,0
2664.jpeg,0,1,0,0
2581.jpeg,0,1,0,0
3926.jpeg,0,1,0,0
3296.jpeg,0,0,1,0
2451.jpeg,0,1,0,0
1895.jpeg,0,0,1,0
760.jpeg,1,0,0,0
1572.jpeg,0,0,1,0
2942.jpeg,0,1,0,0
5461.jpeg,1,0,0,0
1389.jpeg,1,0,0,0
4019.jpeg,0,1,0,0
972.jpeg,1,0,0,0
2394.jpeg,0,1,0,0
528.jpeg,1,0,0,0
4671.jpeg,0,0,1,0
5842.jpeg,0,0,1,0
5449.jpeg,1,0,0,0
677.jpeg,1,0,0,0
5706.jpeg,0,1,0,0
5252.jpeg,0,0,1,0
2123.jpeg,0,1,0,0
17.jpeg,0,0,0,1
4020.jpeg,0,1,0,0
723.jpeg,1,0,0,0
4405.jpeg,0,1,0,0
5763.jpeg,0,1,0,0
3856.jpeg,0,0,1,0
5562.jpeg,0,1,0,0
309.jpeg,1,0,0,0
1209.jpeg,1,0,0,0
490.jpeg,1,0,0,0
5561.jpeg,0,1,0,0
2673.jpeg,0,1,0,0
1942.jpeg,0,0,1,0
2500.jpeg,0,1,0,0
4243.jpeg,0,1,0,0
4650.jpeg,0,1,0,0
363.jpeg,1,0,0,0
2276.jpeg,0,1,0,0
3643.jpeg,0,1,0,0
5334.jpeg,1,0,0,0
2357.jpeg,0,1,0,0
1457.jpeg,0,1,0,0
1979.jpeg,0,0,1,0
1628.jpeg,0,0,1,0
652.jpeg,1,0,0,0
3918.jpeg,0,1,0,0
3117.jpeg,0,1,0,0
3149.jpeg,0,1,0,0
2485.jpeg,0,0,1,0
2620.jpeg,0,1,0,0
5550.jpeg,0,1,0,0
11.jpeg,0,0,0,1
3536.jpeg,0,1,0,0
2492.jpeg,0,0,1,0
2292.jpeg,0,1,0,0
4246.jpeg,0,1,0,0
5851.jpeg,0,0,1,0
3964.jpeg,0,1,0,0
3496.jpeg,0,0,1,0
326.jpeg,1,0,0,0
3228.jpeg,0,1,0,0
719.jpeg,1,0,0,0
3371.jpeg,0,0,1,0
3712.jpeg,0,0,1,0
1013.jpeg,1,0,0,0
4235.jpeg,0,1,0,0
1156.jpeg,1,0,0,0
4188.jpeg,0,1,0,0
5498.jpeg,1,0,0,0
1444.jpeg,0,0,1,0
4661.jpeg,0,1,0,0
1063.jpeg,1,0,0,0
1873.jpeg,0,0,1,0
23.png,0,0,0,1
2631.jpeg,0,0,1,0
1663.jpeg,0,1,0,0
4290.jpeg,0,1,0,0
3106.jpeg,0,1,0,0
5530.jpeg,0,1,0,0
401.jpeg,1,0,0,0
3256.jpeg,0,1,0,0
1330.jpeg,1,0,0,0
1443.jpeg,0,0,1,0
1517.jpeg,0,0,1,0
5518.jpeg,0,0,1,0
5524.jpeg,0,0,1,0
4723.jpeg,0,0,1,0
4708.jpeg,0,1,0,0
3887.jpeg,0,1,0,0
4526.jpeg,0,0,1,0
2870.jpeg,0,1,0,0
5713.jpeg,0,1,0,0
3104.jpeg,0,1,0,0
1167.jpeg,1,0,0,0
177.jpeg,1,0,0,0
3940.jpeg,0,0,1,0
2100.jpeg,0,0,1,0
2428.jpeg,0,1,0,0
1896.jpeg,0,1,0,0
1696.jpeg,0,1,0,0
3597.jpeg,0,1,0,0
4351.jpeg,0,1,0,0
5781.jpeg,0,0,1,0
3177.jpeg,0,1,0,0
343.jpeg,1,0,0,0
3201.jpeg,0,0,1,0
610.jpeg,1,0,0,0
3302.jpeg,0,1,0,0
622.jpeg,1,0,0,0
5108.jpeg,0,0,1,0
2992.jpeg,0,1,0,0
990.jpeg,1,0,0,0
5039.jpeg,0,0,1,0
3002.jpeg,0,0,1,0
3581.jpeg,0,1,0,0
3007.jpeg,0,1,0,0
4372.jpeg,0,1,0,0
1325.jpeg,1,0,0,0
2076.jpeg,0,1,0,0
40.jpeg,0,0,0,1
283.jpeg,1,0,0,0
872.jpeg,1,0,0,0
4903.jpeg,0,0,1,0
4994.jpeg,0,1,0,0
5867.jpeg,0,0,1,0
244.jpeg,1,0,0,0
1859.jpeg,0,0,1,0
2283.jpeg,0,1,0,0
2118.jpeg,0,1,0,0
2122.jpeg,0,1,0,0
5479.jpeg,1,0,0,0
4968.jpeg,0,1,0,0
5395.jpeg,1,0,0,0
4704.jpeg,0,1,0,0
4488.jpeg,0,1,0,0
3578.jpeg,0,1,0,0
5888.jpeg,0,0,1,0
4072.jpeg,0,0,1,0
2318.jpeg,0,0,1,0
3226.jpeg,0,0,1,0
785.jpeg,1,0,0,0
635.jpeg,1,0,0,0
230.jpeg,1,0,0,0
2622.jpeg,0,0,1,0
2938.jpeg,0,0,1,0
1229.jpeg,1,0,0,0
5533.jpeg,0,0,1,0
3870.jpeg,0,1,0,0
1911.jpeg,0,0,1,0
5307.jpeg,1,0,0,0
3944.jpeg,0,1,0,0
2224.jpeg,0,0,1,0
2844.jpeg,0,1,0,0
5434.jpeg,1,0,0,0
1558.jpeg,0,0,1,0
3615.jpeg,0,1,0,0
4774.jpeg,0,1,0,0
905.jpeg,1,0,0,0
3335.jpeg,0,1,0,0
1906.jpeg,0,1,0,0
4021.jpeg,0,1,0,0
3267.jpeg,0,1,0,0
3987.jpeg,0,0,1,0
4991.jpeg,0,0,1,0
3094.jpeg,0,1,0,0
292.jpeg,1,0,0,0
3059.jpeg,0,1,0,0
4265.jpeg,0,1,0,0
5342.jpeg,1,0,0,0
5053.jpeg,0,1,0,0
1146.jpeg,1,0,0,0
471.jpeg,1,0,0,0
3263.jpeg,0,1,0,0
2921.jpeg,0,0,1,0
1798.jpeg,0,0,1,0
705.jpeg,1,0,0,0
2640.jpeg,0,1,0,0
2452.jpeg,0,1,0,0
2803.jpeg,0,1,0,0
1423.jpeg,0,0,1,0
5521.jpeg,0,0,1,0
3439.jpeg,0,1,0,0
5047.jpeg,0,1,0,0
5351.jpeg,1,0,0,0
1708.jpeg,0,0,1,0
4667.jpeg,0,0,1,0
2396.jpeg,0,1,0,0
4947.jpeg,0,0,1,0
5244.jpeg,0,0,1,0
290.jpeg,1,0,0,0
338.jpeg,1,0,0,0
5363.jpeg,1,0,0,0
83.jpeg,1,0,0,0
3420.jpeg,0,0,1,0
4668.jpeg,0,1,0,0
5630.jpeg,0,1,0,0
805.jpeg,1,0,0,0
5162.jpeg,0,1,0,0
4894.jpeg,0,1,0,0
559.jpeg,1,0,0,0
2219.jpeg,0,1,0,0
5869.jpeg,0,0,1,0
2930.jpeg,0,1,0,0
205.jpeg,1,0,0,0
5796.jpeg,0,0,1,0
3601.jpeg,0,1,0,0
3772.jpeg,0,1,0,0
4884.jpeg,0,1,0,0
3823.jpeg,0,1,0,0
3702.jpeg,0,1,0,0
2342.jpeg,0,1,0,0
1188.jpeg,1,0,0,0
3901.jpeg,0,1,0,0
3846.jpeg,0,1,0,0
948.jpeg,1,0,0,0
4131.jpeg,0,0,1,0
1962.jpeg,0,1,0,0
5640.jpeg,0,1,0,0
2764.jpeg,0,1,0,0
2008.jpeg,0,0,1,0
2129.jpeg,0,0,1,0
2060.jpeg,0,1,0,0
4889.jpeg,0,0,1,0
3078.jpeg,0,1,0,0
4177.jpeg,0,1,0,0
3140.jpeg,0,1,0,0
3311.jpeg,0,1,0,0
2999.jpeg,0,1,0,0
285.jpeg,1,0,0,0
5303.jpeg,1,0,0,0
334.jpeg,1,0,0,0
2458.jpeg,0,0,1,0
4763.jpeg,0,1,0,0
1623.jpeg,0,0,1,0
5118.jpeg,0,0,1,0
854.jpeg,1,0,0,0
4516.jpeg,0,1,0,0
3877.jpeg,0,1,0,0
2161.jpeg,0,1,0,0
1635.jpeg,0,1,0,0
3355.jpeg,0,0,1,0
5661.jpeg,0,1,0,0
5817.jpeg,0,0,1,0
3551.jpeg,0,1,0,0
1235.jpeg,1,0,0,0
942.jpeg,1,0,0,0
1948.jpeg,0,1,0,0
3283.jpeg,0,0,1,0
5693.jpeg,0,1,0,0
5876.jpeg,0,0,1,0
3639.jpeg,0,1,0,0
611.jpeg,1,0,0,0
5798.jpeg,0,0,1,0
3133.jpeg,0,1,0,0
800.jpeg,1,0,0,0
419.jpeg,1,0,0,0
2587.jpeg,0,1,0,0
4855.jpeg,0,0,1,0
920.jpeg,1,0,0,0
5165.jpeg,0,1,0,0
174.jpeg,1,0,0,0
4836.jpeg,0,1,0,0
5064.jpeg,0,0,1,0
4888.jpeg,0,1,0,0
2819.jpeg,0,1,0,0
3553.jpeg,0,0,1,0
4172.jpeg,0,1,0,0
1197.jpeg,1,0,0,0
4256.jpeg,0,1,0,0
1744.jpeg,0,1,0,0
4969.jpeg,0,0,1,0
4896.jpeg,0,1,0,0
2013.jpeg,0,1,0,0
34.jpeg,0,0,0,1
855.jpeg,1,0,0,0
646.jpeg,1,0,0,0
3472.jpeg,0,1,0,0
5646.jpeg,0,1,0,0
1312.jpeg,1,0,0,0
85.jpeg,1,0,0,0
4783.jpeg,0,0,1,0
3144.jpeg,0,1,0,0
4353.jpeg,0,1,0,0
291.jpeg,1,0,0,0
768.jpeg,1,0,0,0
862.jpeg,1,0,0,0
3905.jpeg,0,1,0,0
3709.jpeg,0,0,1,0
5841.jpeg,0,0,1,0
4294.jpeg,0,1,0,0
3970.jpeg,0,1,0,0
835.jpeg,1,0,0,0
297.jpeg,1,0,0,0
121.jpeg,1,0,0,0
272.jpeg,1,0,0,0
3392.jpeg,0,1,0,0
2317.jpeg,0,1,0,0
5554.jpeg,0,1,0,0
714.jpeg,1,0,0,0
4548.jpeg,0,1,0,0
5907.jpeg,0,0,1,0
2220.jpeg,0,1,0,0
1323.jpeg,1,0,0,0
52.jpg,0,0,0,1
4798.jpeg,0,0,1,0
5089.jpeg,0,1,0,0
5900.jpeg,0,0,1,0
4040.jpeg,0,1,0,0
3511.jpeg,0,1,0,0
5408.jpeg,1,0,0,0
2439.jpeg,0,1,0,0
3119.jpeg,0,1,0,0
1803.jpeg,0,1,0,0
505.jpeg,1,0,0,0
866.jpeg,1,0,0,0
2496.jpeg,0,1,0,0
3424.jpeg,0,1,0,0
1585.jpeg,0,1,0,0
3561.jpeg,0,1,0,0
4970.jpeg,0,1,0,0
5544.jpeg,0,1,0,0
3927.jpeg,0,0,1,0
2239.jpeg,0,1,0,0
1647.jpeg,0,0,1,0
5627.jpeg,0,1,0,0
433.jpeg,1,0,0,0
1847.jpeg,0,1,0,0
2849.jpeg,0,1,0,0
2897.jpeg,0,1,0,0
1369.jpeg,1,0,0,0
5212.jpeg,0,0,1,0
2154.jpeg,0,1,0,0
5415.jpeg,1,0,0,0
531.jpeg,1,0,0,0
2108.jpeg,0,0,1,0
1358.jpeg,1,0,0,0
2272.jpeg,0,1,0,0
2053.jpeg,0,1,0,0
4913.jpeg,0,0,1,0
2611.jpeg,0,1,0,0
5205.jpeg,0,0,1,0
5394.jpeg,1,0,0,0
1147.jpeg,1,0,0,0
4283.jpeg,0,1,0,0
2750.jpeg,0,1,0,0
1626.jpeg,0,0,1,0
4330.jpeg,0,0,1,0
5850.jpeg,0,0,1,0
1452.jpeg,0,0,1,0
4258.jpeg,0,0,1,0
4406.jpeg,0,1,0,0
289.jpeg,1,0,0,0
3350.jpeg,0,1,0,0
4215.jpeg,0,1,0,0
3487.jpeg,0,0,1,0
1057.jpeg,1,0,0,0
2063.jpeg,0,1,0,0
5116.jpeg,0,0,1,0
1657.jpeg,0,1,0,0
1493.jpeg,0,0,1,0
1936.jpeg,0,1,0,0
5855.jpeg,0,1,0,0
2510.jpeg,0,1,0,0
4797.jpeg,0,1,0,0
4369.jpeg,0,1,0,0
2834.jpeg,0,1,0,0
2726.jpeg,0,1,0,0
2701.jpeg,0,1,0,0
3453.jpeg,0,1,0,0
3883.jpeg,0,1,0,0
215.jpeg,1,0,0,0
5852.jpeg,0,1,0,0
3259.jpeg,0,0,1,0
3979.jpeg,0,1,0,0
5675.jpeg,0,1,0,0
25.jpeg,0,0,0,1
312.jpeg,1,0,0,0
3200.jpeg,0,0,1,0
1614.jpeg,0,1,0,0
4510.jpeg,0,1,0,0
548.jpeg,1,0,0,0
2482.jpeg,0,1,0,0
5723.jpeg,0,1,0,0
4962.jpeg,0,1,0,0
1940.jpeg,0,0,1,0
1202.jpeg,1,0,0,0
3827.jpeg,0,0,1,0
5098.jpeg,0,1,0,0
1305.jpeg,1,0,0,0
2699.jpeg,0,1,0,0
1710.jpeg,0,0,1,0
4848.jpeg,0,1,0,0
2755.jpeg,0,1,0,0
5692.jpeg,0,1,0,0
1133.jpeg,1,0,0,0
1881.jpeg,0,1,0,0
1732.jpeg,0,0,1,0
1504.jpeg,0,0,1,0
1355.jpeg,1,0,0,0
754.jpeg,1,0,0,0
2481.jpeg,0,0,1,0
1719.jpeg,0,0,1,0
1531.jpeg,0,1,0,0
2473.jpeg,0,0,1,0
588.jpeg,1,0,0,0
3258.jpeg,0,1,0,0
4678.jpeg,0,0,1,0
2024.jpeg,0,1,0,0
2536.jpeg,0,1,0,0
595.jpeg,1,0,0,0
1383.jpeg,1,0,0,0
1244.jpeg,1,0,0,0
4175.jpeg,0,1,0,0
4190.jpeg,0,1,0,0
4489.jpeg,0,1,0,0
2873.jpeg,0,1,0,0
354.jpeg,1,0,0,0
2957.jpeg,0,1,0,0
2381.jpeg,0,1,0,0
2056.jpeg,0,1,0,0
2767.jpeg,0,1,0,0
943.jpeg,1,0,0,0
4400.jpeg,0,1,0,0
3621.jpeg,0,1,0,0
2578.jpeg,0,1,0,0
3171.jpeg,0,1,0,0
533.jpeg,1,0,0,0
3380.jpeg,0,1,0,0
2200.jpeg,0,1,0,0
3213.jpeg,0,1,0,0
5361.jpeg,1,0,0,0
3708.jpeg,0,1,0,0
4956.jpeg,0,1,0,0
4315.jpeg,0,0,1,0
2069.jpeg,0,1,0,0
3524.jpeg,0,1,0,0
288.jpeg,1,0,0,0
5426.jpeg,1,0,0,0
5058.jpeg,0,1,0,0
1508.jpeg,0,1,0,0
5741.jpeg,0,1,0,0
3095.jpeg,0,1,0,0
3485.jpeg,0,1,0,0
2078.jpeg,0,1,0,0
3088.jpeg,0,1,0,0
5728.jpeg,0,1,0,0
5139.jpeg,0,0,1,0
5213.jpeg,0,0,1,0
5514.jpeg,1,0,0,0
4720.jpeg,0,0,1,0
3691.jpeg,0,1,0,0
4057.jpeg,0,1,0,0
1806.jpeg,0,1,0,0
3532.jpeg,0,0,1,0
5886.jpeg,0,0,1,0
2541.jpeg,0,1,0,0
686.jpeg,1,0,0,0
1908.jpeg,0,0,1,0
1164.jpeg,1,0,0,0
5338.jpeg,1,0,0,0
926.jpeg,1,0,0,0
4860.jpeg,0,1,0,0
2839.jpeg,0,1,0,0
886.jpeg,1,0,0,0
970.jpeg,1,0,0,0
840.jpeg,1,0,0,0
3580.jpeg,0,1,0,0
2784.jpeg,0,1,0,0
1589.jpeg,0,0,1,0
3143.jpeg,0,1,0,0
1883.jpeg,0,1,0,0
4226.jpeg,0,1,0,0
1152.jpeg,1,0,0,0
2189.jpeg,0,0,1,0
2090.jpeg,0,0,1,0
3292.jpeg,0,0,1,0
4230.jpeg,0,0,1,0
1166.jpeg,1,0,0,0
3876.jpeg,0,1,0,0
4900.jpeg,0,1,0,0
3330.jpeg,0,0,1,0
1618.jpeg,0,1,0,0
2289.jpeg,0,0,1,0
4005.jpeg,0,0,1,0
4965.jpeg,0,0,1,0
2094.jpeg,0,0,1,0
3980.jpeg,0,1,0,0
709.jpeg,1,0,0,0
3508.jpeg,0,0,1,0
5359.jpeg,1,0,0,0
5147.jpeg,0,0,1,0
4176.jpeg,0,0,1,0
3715.jpeg,0,0,1,0
5766.jpeg,0,1,0,0
2851.jpeg,0,1,0,0
517.jpeg,1,0,0,0
4966.jpeg,0,1,0,0
5744.jpeg,0,1,0,0
2815.jpeg,0,1,0,0
5437.jpeg,1,0,0,0
850.jpeg,1,0,0,0
2555.jpeg,0,0,1,0
1851.jpeg,0,1,0,0
4593.jpeg,0,0,1,0
992.jpeg,1,0,0,0
1285.jpeg,1,0,0,0
5487.jpeg,1,0,0,0
1187.jpeg,1,0,0,0
3346.jpeg,0,1,0,0
5569.jpeg,0,1,0,0
3665.jpeg,0,1,0,0
5093.jpeg,0,0,1,0
4458.jpeg,0,1,0,0
1473.jpeg,0,1,0,0
5022.jpeg,0,1,0,0
5258.jpeg,0,1,0,0
132.jpeg,1,0,0,0
2147.jpeg,0,0,1,0
4857.jpeg,0,0,1,0
4939.jpeg,0,0,1,0
2175.jpeg,0,1,0,0
859.jpeg,1,0,0,0
3197.jpeg,0,1,0,0
3268.jpeg,0,1,0,0
3474.jpeg,0,1,0,0
4174.jpeg,0,1,0,0
2363.jpeg,0,1,0,0
2051.jpeg,0,0,1,0
810.jpeg,1,0,0,0
3276.jpeg,0,1,0,0
8.jpg,0,0,0,1
2015.jpeg,0,1,0,0
530.jpeg,1,0,0,0
4950.jpeg,0,0,1,0
5537.jpeg,0,0,1,0
4078.jpeg,0,1,0,0
1356.jpeg,1,0,0,0
5489.jpeg,1,0,0,0
3385.jpeg,0,1,0,0
2924.jpeg,0,1,0,0
5585.jpeg,0,1,0,0
3834.jpeg,0,0,1,0
2152.jpeg,0,1,0,0
4479.jpeg,0,1,0,0
1394.jpeg,1,0,0,0
1974.jpeg,0,1,0,0
5012.jpeg,0,0,1,0
2847.jpeg,0,1,0,0
1502.jpeg,0,0,1,0
5387.jpeg,1,0,0,0
2792.jpeg,0,1,0,0
2715.jpeg,0,1,0,0
4532.jpeg,0,1,0,0
1958.jpeg,0,1,0,0
3077.jpeg,0,1,0,0
4075.jpeg,0,1,0,0
4642.jpeg,0,1,0,0
2883.jpeg,0,1,0,0
1893.jpeg,0,0,1,0
3165.jpeg,0,1,0,0
336.jpeg,1,0,0,0
5808.jpeg,0,0,1,0
166.jpeg,1,0,0,0
4303.jpeg,0,1,0,0
2.jpg,0,0,0,1
1362.jpeg,1,0,0,0
1010.jpeg,1,0,0,0
1922.jpeg,0,1,0,0
1912.jpeg,0,0,1,0
1826.jpeg,0,0,1,0
4520.jpeg,0,1,0,0
5399.jpeg,1,0,0,0
391.jpeg,1,0,0,0
53.jpg,0,0,0,1
3941.jpeg,0,1,0,0
4807.jpeg,0,1,0,0
2032.jpeg,0,0,1,0
3995.jpeg,0,1,0,0
767.jpeg,1,0,0,0
690.jpeg,1,0,0,0
906.jpeg,1,0,0,0
1347.jpeg,1,0,0,0
534.jpeg,1,0,0,0
5385.jpeg,1,0,0,0
2859.jpeg,0,1,0,0
4909.jpeg,0,1,0,0
3624.jpeg,0,0,1,0
5508.jpeg,1,0,0,0
2714.jpeg,0,1,0,0
4443.jpeg,0,1,0,0
5298.jpeg,1,0,0,0
4685.jpeg,0,1,0,0
642.jpeg,1,0,0,0
1811.jpeg,0,1,0,0
4159.jpeg,0,1,0,0
3775.jpeg,0,1,0,0
4076.jpeg,0,0,1,0
2868.jpeg,0,1,0,0
4759.jpeg,0,1,0,0
3040.jpeg,0,1,0,0
1053.jpeg,1,0,0,0
5794.jpeg,0,0,1,0
2604.jpeg,0,1,0,0
5821.jpeg,0,0,1,0
3405.jpeg,0,0,1,0
126.jpeg,1,0,0,0
724.jpeg,1,0,0,0
5578.jpeg,0,1,0,0
3890.jpeg,0,1,0,0
4878.jpeg,0,0,1,0
1437.jpeg,0,0,1,0
1227.jpeg,1,0,0,0
843.jpeg,1,0,0,0
3230.jpeg,0,1,0,0
2628.jpeg,0,0,1,0
5673.jpeg,0,1,0,0
2643.jpeg,0,1,0,0
151.jpeg,1,0,0,0
770.jpeg,1,0,0,0
4695.jpeg,0,0,1,0
1984.jpeg,0,1,0,0
2650.jpeg,0,1,0,0
3950.jpeg,0,1,0,0
4808.jpeg,0,1,0,0
890.jpeg,1,0,0,0
3360.jpeg,0,1,0,0
3631.jpeg,0,0,1,0
4198.jpeg,0,0,1,0
5864.jpeg,0,0,1,0
376.jpeg,1,0,0,0
5293.jpeg,1,0,0,0
4549.jpeg,0,1,0,0
4440.jpeg,0,1,0,0
411.jpeg,1,0,0,0
4958.jpeg,0,0,1,0
5605.jpeg,0,1,0,0
77.jpeg,1,0,0,0
5103.jpeg,0,0,1,0
5013.jpeg,0,0,1,0
5642.jpeg,0,1,0,0
5190.jpeg,0,0,1,0
5626.jpeg,0,1,0,0
5273.jpeg,0,0,1,0
4904.jpeg,0,1,0,0
4027.jpeg,0,0,1,0
3867.jpeg,0,0,1,0
4546.jpeg,0,0,1,0
5280.jpeg,0,0,1,0
4711.jpeg,0,1,0,0
5666.jpeg,0,1,0,0
4979.jpeg,0,0,1,0
2758.jpeg,0,1,0,0
207.jpeg,1,0,0,0
5663.jpeg,0,1,0,0
4945.jpeg,0,0,1,0
870.jpeg,1,0,0,0
1068.jpeg,1,0,0,0
3353.jpeg,0,0,1,0
1283.jpeg,1,0,0,0
636.jpeg,1,0,0,0
941.jpeg,1,0,0,0
1951.jpeg,0,0,1,0
4416.jpeg,0,1,0,0
5493.jpeg,1,0,0,0
876.jpeg,1,0,0,0
2356.jpeg,0,0,1,0
2862.jpeg,0,1,0,0
3015.jpeg,0,1,0,0
5033.jpeg,0,1,0,0
4748.jpeg,0,0,1,0
1393.jpeg,1,0,0,0
4769.jpeg,0,1,0,0
335.jpeg,1,0,0,0
651.jpeg,1,0,0,0
2928.jpeg,0,0,1,0
1545.jpeg,0,0,1,0
5076.jpeg,0,1,0,0
3222.jpeg,0,1,0,0
2411.jpeg,0,0,1,0
986.jpeg,1,0,0,0
424.jpeg,1,0,0,0
1300.jpeg,1,0,0,0
4217.jpeg,0,1,0,0
2111.jpeg,0,1,0,0
4698.jpeg,0,1,0,0
395.jpeg,1,0,0,0
2741.jpeg,0,1,0,0
2352.jpeg,0,0,1,0
2465.jpeg,0,0,1,0
1161.jpeg,1,0,0,0
4438.jpeg,0,1,0,0
2542.jpeg,0,0,1,0
248.jpeg,1,0,0,0
3431.jpeg,0,1,0,0
1593.jpeg,0,0,1,0
5423.jpeg,1,0,0,0
1697.jpeg,0,1,0,0
4887.jpeg,0,1,0,0
5194.jpeg,0,0,1,0
3174.jpeg,0,1,0,0
4612.jpeg,0,0,1,0
1587.jpeg,0,1,0,0
4142.jpeg,0,1,0,0
4820.jpeg,0,1,0,0
2176.jpeg,0,0,1,0
4193.jpeg,0,1,0,0
5030.jpeg,0,0,1,0
732.jpeg,1,0,0,0
4492.jpeg,0,1,0,0
5711.jpeg,0,1,0,0
1333.jpeg,1,0,0,0
3557.jpeg,0,0,1,0
3085.jpeg,0,1,0,0
1526.jpeg,0,1,0,0
1306.jpeg,1,0,0,0
1380.jpeg,1,0,0,0
3112.jpeg,0,1,0,0
1064.jpeg,1,0,0,0
4439.jpeg,0,1,0,0
1892.jpeg,0,0,1,0
3272.jpeg,0,1,0,0
5745.jpeg,0,1,0,0
1927.jpeg,0,1,0,0
3477.jpeg,0,1,0,0
2397.jpeg,0,0,1,0
3223.jpeg,0,1,0,0
4491.jpeg,0,1,0,0
239.jpeg,1,0,0,0
5086.jpeg,0,1,0,0
4043.jpeg,0,1,0,0
1796.jpeg,0,0,1,0
4454.jpeg,0,1,0,0
4658.jpeg,0,0,1,0
5574.jpeg,0,1,0,0
2917.jpeg,0,1,0,0
1252.jpeg,1,0,0,0
1550.jpeg,0,1,0,0
5291.jpeg,1,0,0,0
2254.jpeg,0,0,1,0
5683.jpeg,0,1,0,0
552.jpeg,1,0,0,0
3912.jpeg,0,1,0,0
4145.jpeg,0,1,0,0
5164.jpeg,0,0,1,0
4110.jpeg,0,1,0,0
1547.jpeg,0,1,0,0
5727.jpeg,0,1,0,0
3427.jpeg,0,0,1,0
208.jpeg,1,0,0,0
2233.jpeg,0,1,0,0
5014.jpeg,0,1,0,0
5041.jpeg,0,0,1,0
5169.jpeg,0,0,1,0
4973.jpeg,0,0,1,0
293.jpeg,1,0,0,0
146.jpeg,1,0,0,0
5771.jpeg,0,1,0,0
2896.jpeg,0,1,0,0
1888.jpeg,0,1,0,0
976.jpeg,1,0,0,0
4427.jpeg,0,1,0,0
4224.jpeg,0,1,0,0
4350.jpeg,0,0,1,0
3700.jpeg,0,0,1,0
5467.jpeg,1,0,0,0
5462.jpeg,1,0,0,0
841.jpeg,1,0,0,0
648.jpeg,1,0,0,0
3754.jpeg,0,0,1,0
5724.jpeg,0,1,0,0
5136.jpeg,0,1,0,0
2968.jpeg,0,1,0,0
4506.jpeg,0,1,0,0
2058.jpeg,0,0,1,0
3686.jpeg,0,1,0,0
4559.jpeg,0,0,1,0
5386.jpeg,1,0,0,0
95.jpeg,1,0,0,0
3449.jpeg,0,0,1,0
722.jpeg,1,0,0,0
1518.jpeg,0,1,0,0
2884.jpeg,0,1,0,0
3269.jpeg,0,1,0,0
4777.jpeg,0,1,0,0
3205.jpeg,0,1,0,0
2848.jpeg,0,1,0,0
4660.jpeg,0,1,0,0
2885.jpeg,0,1,0,0
3956.jpeg,0,1,0,0
546.jpeg,1,0,0,0
2963.jpeg,0,1,0,0
3563.jpeg,0,1,0,0
3659.jpeg,0,1,0,0
4858.jpeg,0,1,0,0
4146.jpeg,0,1,0,0
2238.jpeg,0,1,0,0
4465.jpeg,0,1,0,0
273.jpeg,1,0,0,0
2030.jpeg,0,0,1,0
2948.jpeg,0,1,0,0
3797.jpeg,0,1,0,0
3319.jpeg,0,0,1,0
4298.jpeg,0,1,0,0
127.jpeg,1,0,0,0
3537.jpeg,0,1,0,0
4833.jpeg,0,1,0,0
4017.jpeg,0,1,0,0
3799.jpeg,0,1,0,0
779.jpeg,1,0,0,0
1377.jpeg,1,0,0,0
3361.jpeg,0,0,1,0
4540.jpeg,0,1,0,0
459.jpeg,1,0,0,0
4601.jpeg,0,1,0,0
3696.jpeg,0,1,0,0
157.jpeg,1,0,0,0
3655.jpeg,0,1,0,0
1814.jpeg,0,1,0,0
4543.jpeg,0,1,0,0
695.jpeg,1,0,0,0
1825.jpeg,0,1,0,0
769.jpeg,1,0,0,0
5786.jpeg,0,0,1,0
2137.jpeg,0,0,1,0
5297.jpeg,1,0,0,0
2595.jpeg,0,1,0,0
44.jpeg,0,0,0,1
2608.jpeg,0,1,0,0
3773.jpeg,0,1,0,0
3130.jpeg,0,1,0,0
3081.jpeg,0,1,0,0
577.jpeg,1,0,0,0
2146.jpeg,0,0,1,0
1066.jpeg,1,0,0,0
5441.jpeg,1,0,0,0
5215.jpeg,0,0,1,0
3725.jpeg,0,1,0,0
1802.jpeg,0,0,1,0
4286.jpeg,0,1,0,0
4199.jpeg,0,0,1,0
2284.jpeg,0,0,1,0
4065.jpeg,0,0,1,0
3917.jpeg,0,0,1,0
3591.jpeg,0,1,0,0
2809.jpeg,0,1,0,0
1627.jpeg,0,1,0,0
1972.jpeg,0,0,1,0
2263.jpeg,0,0,1,0
3356.jpeg,0,0,1,0
3167.jpeg,0,1,0,0
1035.jpeg,1,0,0,0
4387.jpeg,0,1,0,0
2348.jpeg,0,1,0,0
3067.jpeg,0,1,0,0
460.jpeg,1,0,0,0
2244.jpeg,0,1,0,0
5120.jpeg,0,0,1,0
853.jpeg,1,0,0,0
788.jpeg,1,0,0,0
1189.jpeg,1,0,0,0
1465.jpeg,0,1,0,0
62.jpeg,1,0,0,0
3196.jpeg,0,1,0,0
5317.jpeg,1,0,0,0
2776.jpeg,0,1,0,0
3630.jpeg,0,1,0,0
1186.jpeg,1,0,0,0
5153.jpeg,0,0,1,0
3251.jpeg,0,1,0,0
3792.jpeg,0,1,0,0
4448.jpeg,0,1,0,0
2406.jpeg,0,0,1,0
5266.jpeg,0,1,0,0
978.jpeg,1,0,0,0
5571.jpeg,0,1,0,0
1714.jpeg,0,1,0,0
4978.jpeg,0,1,0,0
3469.jpeg,0,1,0,0
4536.jpeg,0,1,0,0
566.jpeg,1,0,0,0
43.jpeg,0,0,0,1
2460.jpeg,0,1,0,0
4729.jpeg,0,1,0,0
964.jpeg,1,0,0,0
1842.jpeg,0,1,0,0
4260.jpeg,0,0,1,0
3933.jpeg,0,0,1,0
4794.jpeg,0,1,0,0
1025.jpeg,1,0,0,0
4236.jpeg,0,1,0,0
1322.jpeg,1,0,0,0
314.jpeg,1,0,0,0
1137.jpeg,1,0,0,0
3367.jpeg,0,1,0,0
4599.jpeg,0,1,0,0
2177.jpeg,0,0,1,0
5704.jpeg,0,1,0,0
966.jpeg,1,0,0,0
1109.jpeg,1,0,0,0
3651.jpeg,0,1,0,0
3965.jpeg,0,1,0,0
2294.jpeg,0,0,1,0
1835.jpeg,0,1,0,0
543.jpeg,1,0,0,0
771.jpeg,1,0,0,0
5777.jpeg,0,1,0,0
1507.jpeg,0,0,1,0
4768.jpeg,0,0,1,0
5337.jpeg,1,0,0,0
1783.jpeg,0,0,1,0
4388.jpeg,0,0,1,0
828.jpeg,1,0,0,0
399.jpeg,1,0,0,0
2818.jpeg,0,1,0,0
2417.jpeg,0,0,1,0
639.jpeg,1,0,0,0
4016.jpeg,0,0,1,0
5610.jpeg,0,1,0,0
3743.jpeg,0,0,1,0
1136.jpeg,1,0,0,0
2967.jpeg,0,1,0,0
612.jpeg,1,0,0,0
3895.jpeg,0,0,1,0
3343.jpeg,0,0,1,0
2424.jpeg,0,1,0,0
2183.jpeg,0,1,0,0
4121.jpeg,0,1,0,0
2616.jpeg,0,0,1,0
1246.jpeg,1,0,0,0
3776.jpeg,0,1,0,0
1602.jpeg,0,0,1,0
777.jpeg,1,0,0,0
1241.jpeg,1,0,0,0
2264.jpeg,0,0,1,0
2876.jpeg,0,0,1,0
3035.jpeg,0,1,0,0
5556.jpeg,0,1,0,0
1124.jpeg,1,0,0,0
5589.jpeg,0,1,0,0
3682.jpeg,0,1,0,0
3885.jpeg,0,0,1,0
4614.jpeg,0,0,1,0
3525.jpeg,0,1,0,0
3543.jpeg,0,0,1,0
3572.jpeg,0,1,0,0
4732.jpeg,0,1,0,0
1439.jpeg,0,0,1,0
257.jpeg,1,0,0,0
3968.jpeg,0,1,0,0
3832.jpeg,0,1,0,0
2477.jpeg,0,1,0,0
5238.jpeg,0,0,1,0
4746.jpeg,0,1,0,0
1868.jpeg,0,0,1,0
1658.jpeg,0,0,1,0
5455.jpeg,1,0,0,0
4262.jpeg,0,1,0,0
1180.jpeg,1,0,0,0
3576.jpeg,0,0,1,0
5309.jpeg,1,0,0,0
4135.jpeg,0,1,0,0
4275.jpeg,0,1,0,0
4434.jpeg,0,0,1,0
434.jpeg,1,0,0,0
2984.jpeg,0,0,1,0
3454.jpeg,0,0,1,0
402.jpeg,1,0,0,0
4631.jpeg,0,1,0,0
2669.jpeg,0,0,1,0
1844.jpeg,0,1,0,0
4528.jpeg,0,1,0,0
165.jpeg,1,0,0,0
4607.jpeg,0,1,0,0
2952.jpeg,0,0,1,0
3281.jpeg,0,1,0,0
1361.jpeg,1,0,0,0
1616.jpeg,0,1,0,0
2399.jpeg,0,1,0,0
3613.jpeg,0,1,0,0
5468.jpeg,1,0,0,0
4544.jpeg,0,0,1,0
1570.jpeg,0,0,1,0
2119.jpeg,0,1,0,0
1748.jpeg,0,0,1,0
3620.jpeg,0,0,1,0
1683.jpeg,0,0,1,0
24.jpeg,0,0,0,1
1725.jpeg,0,0,1,0
3531.jpeg,0,1,0,0
5313.jpeg,1,0,0,0
1642.jpeg,0,0,1,0
2257.jpeg,0,1,0,0
3124.jpeg,0,1,0,0
1885.jpeg,0,0,1,0
477.jpeg,1,0,0,0
2376.jpeg,0,1,0,0
3287.jpeg,0,1,0,0
1751.jpeg,0,1,0,0
1108.jpeg,1,0,0,0
787.jpeg,1,0,0,0
3843.jpeg,0,0,1,0
162.jpeg,1,0,0,0
3865.jpeg,0,1,0,0
4580.jpeg,0,1,0,0
3087.jpeg,0,1,0,0
5895.jpeg,0,0,1,0
1317.jpeg,1,0,0,0
532.jpeg,1,0,0,0
2961.jpeg,0,1,0,0
501.jpeg,1,0,0,0
1232.jpeg,1,0,0,0
1611.jpeg,0,0,1,0
5658.jpeg,0,1,0,0
4059.jpeg,0,1,0,0
1637.jpeg,0,0,1,0
2506.jpeg,0,0,1,0
5442.jpeg,1,0,0,0
5802.jpeg,0,0,1,0
763.jpeg,1,0,0,0
1691.jpeg,0,1,0,0
671.jpeg,1,0,0,0
5845.jpeg,0,0,1,0
3249.jpeg,0,1,0,0
1921.jpeg,0,1,0,0
1866.jpeg,0,1,0,0
4054.jpeg,0,1,0,0
279.jpeg,1,0,0,0
5696.jpeg,0,1,0,0
2150.jpeg,0,0,1,0
2691.jpeg,0,0,1,0
5604.jpeg,0,1,0,0
147.jpeg,1,0,0,0
167.jpeg,1,0,0,0
439.jpeg,1,0,0,0
4445.jpeg,0,1,0,0
5555.jpeg,0,1,0,0
3038.jpeg,0,1,0,0
5628.jpeg,0,1,0,0
2624.jpeg,0,0,1,0
4712.jpeg,0,0,1,0
3817.jpeg,0,0,1,0
4893.jpeg,0,1,0,0
3445.jpeg,0,0,1,0
2606.jpeg,0,1,0,0
2614.jpeg,0,1,0,0
4309.jpeg,0,1,0,0
1973.jpeg,0,1,0,0
1723.jpeg,0,1,0,0
3457.jpeg,0,1,0,0
93.jpeg,1,0,0,0
1505.jpeg,0,1,0,0
1430.jpeg,0,1,0,0
4613.jpeg,0,1,0,0
4726.jpeg,0,0,1,0
813.jpeg,1,0,0,0
4084.jpeg,0,1,0,0
136.jpeg,1,0,0,0
2915.jpeg,0,1,0,0
1238.jpeg,1,0,0,0
1195.jpeg,1,0,0,0
4739.jpeg,0,1,0,0
5264.jpeg,0,1,0,0
2018.jpeg,0,1,0,0
1852.jpeg,0,0,1,0
2160.jpeg,0,1,0,0
1629.jpeg,0,1,0,0
1890.jpeg,0,0,1,0
35.png,0,0,0,1
2666.jpeg,0,1,0,0
271.jpeg,1,0,0,0
3611.jpeg,0,1,0,0
4647.jpeg,0,0,1,0
817.jpeg,1,0,0,0
4232.jpeg,0,0,1,0
87.jpeg,1,0,0,0
2086.jpeg,0,1,0,0
1699.jpeg,0,1,0,0
4609.jpeg,0,1,0,0
1967.jpeg,0,0,1,0
2686.jpeg,0,1,0,0
3921.jpeg,0,1,0,0
2375.jpeg,0,1,0,0
4959.jpeg,0,1,0,0
4431.jpeg,0,0,1,0
4771.jpeg,0,1,0,0
2589.jpeg,0,1,0,0
5730.jpeg,0,1,0,0
1002.jpeg,1,0,0,0
3128.jpeg,0,1,0,0
3673.jpeg,0,1,0,0
4733.jpeg,0,0,1,0
909.jpeg,1,0,0,0
450.jpeg,1,0,0,0
619.jpeg,1,0,0,0
3573.jpeg,0,1,0,0
2368.jpeg,0,0,1,0
5155.jpeg,0,0,1,0
1925.jpeg,0,1,0,0
5237.jpeg,0,0,1,0
991.jpeg,1,0,0,0
503.jpeg,1,0,0,0
1026.jpeg,1,0,0,0
2693.jpeg,0,1,0,0
4809.jpeg,0,0,1,0
4918.jpeg,0,0,1,0
1698.jpeg,0,0,1,0
3300.jpeg,0,1,0,0
3875.jpeg,0,0,1,0
1898.jpeg,0,1,0,0
2559.jpeg,0,0,1,0
3568.jpeg,0,0,1,0
3218.jpeg,0,1,0,0
3265.jpeg,0,1,0,0
4012.jpeg,0,1,0,0
1762.jpeg,0,1,0,0
1086.jpeg,1,0,0,0
2260.jpeg,0,1,0,0
2379.jpeg,0,1,0,0
2315.jpeg,0,0,1,0
3108.jpeg,0,1,0,0
5354.jpeg,1,0,0,0
4756.jpeg,0,1,0,0
535.jpeg,1,0,0,0
1651.jpeg,0,0,1,0
587.jpeg,1,0,0,0
2346.jpeg,0,1,0,0
3232.jpeg,0,1,0,0
1606.jpeg,0,1,0,0
457.jpeg,1,0,0,0
30.jpeg,0,0,0,1
842.jpeg,1,0,0,0
2232.jpeg,0,0,1,0
4558.jpeg,0,0,1,0
4582.jpeg,0,1,0,0
3842.jpeg,0,1,0,0
3663.jpeg,0,1,0,0
5133.jpeg,0,0,1,0
3418.jpeg,0,1,0,0
4223.jpeg,0,1,0,0
3745.jpeg,0,1,0,0
2319.jpeg,0,0,1,0
5410.jpeg,1,0,0,0
5005.jpeg,0,1,0,0
2290.jpeg,0,1,0,0
2998.jpeg,0,1,0,0
2046.jpeg,0,1,0,0
2312.jpeg,0,1,0,0
2098.jpeg,0,1,0,0
822.jpeg,1,0,0,0
181.jpeg,1,0,0,0
2256.jpeg,0,0,1,0
4472.jpeg,0,1,0,0
4470.jpeg,0,0,1,0
4716.jpeg,0,1,0,0
2829.jpeg,0,1,0,0
5218.jpeg,0,1,0,0
5632.jpeg,0,1,0,0
1794.jpeg,0,1,0,0
3402.jpeg,0,1,0,0
4455.jpeg,0,1,0,0
4267.jpeg,0,1,0,0
3668.jpeg,0,1,0,0
4074.jpeg,0,1,0,0
812.jpeg,1,0,0,0
880.jpeg,1,0,0,0
1320.jpeg,1,0,0,0
973.jpeg,1,0,0,0
5761.jpeg,0,1,0,0
772.jpeg,1,0,0,0
3845.jpeg,0,1,0,0
5042.jpeg,0,0,1,0
5081.jpeg,0,0,1,0
644.jpeg,1,0,0,0
206.jpeg,1,0,0,0
1483.jpeg,0,0,1,0
256.jpeg,1,0,0,0
5349.jpeg,1,0,0,0
1162.jpeg,1,0,0,0
4476.jpeg,0,1,0,0
3499.jpeg,0,1,0,0
385.jpeg,1,0,0,0
576.jpeg,1,0,0,0
16.jpeg,0,0,0,1
1222.jpeg,1,0,0,0
1929.jpeg,0,1,0,0
4266.jpeg,0,1,0,0
3142.jpeg,0,1,0,0
819.jpeg,1,0,0,0
5458.jpeg,1,0,0,0
5427.jpeg,1,0,0,0
641.jpeg,1,0,0,0
1419.jpeg,0,1,0,0
4147.jpeg,0,1,0,0
2730.jpeg,0,1,0,0
1552.jpeg,0,1,0,0
3204.jpeg,0,1,0,0
1975.jpeg,0,0,1,0
5322.jpeg,1,0,0,0
4562.jpeg,0,0,1,0
5453.jpeg,1,0,0,0
1163.jpeg,1,0,0,0
5270.jpeg,0,0,1,0
5677.jpeg,0,1,0,0
1119.jpeg,1,0,0,0
2580.jpeg,0,1,0,0
2812.jpeg,0,1,0,0
3491.jpeg,0,0,1,0
1185.jpeg,1,0,0,0
3029.jpeg,0,1,0,0
3908.jpeg,0,0,1,0
4744.jpeg,0,1,0,0
782.jpeg,1,0,0,0
1451.jpeg,0,0,1,0
1374.jpeg,1,0,0,0
3504.jpeg,0,0,1,0
3033.jpeg,0,1,0,0
5721.jpeg,0,1,0,0
3795.jpeg,0,0,1,0
2426.jpeg,0,1,0,0
169.jpeg,1,0,0,0
1945.jpeg,0,1,0,0
4310.jpeg,0,1,0,0
329.jpeg,1,0,0,0
2402.jpeg,0,0,1,0
2488.jpeg,0,0,1,0
1275.jpeg,1,0,0,0
5532.jpeg,0,0,1,0
4745.jpeg,0,1,0,0
1758.jpeg,0,0,1,0
734.jpeg,1,0,0,0
2680.jpeg,0,0,1,0
1665.jpeg,0,0,1,0
4167.jpeg,0,1,0,0
1632.jpeg,0,0,1,0
3565.jpeg,0,1,0,0
4781.jpeg,0,1,0,0
321.jpeg,1,0,0,0
4083.jpeg,0,0,1,0
1199.jpeg,1,0,0,0
2432.jpeg,0,1,0,0
36.png,0,0,0,1
1899.jpeg,0,0,1,0
2583.jpeg,0,1,0,0
470.jpeg,1,0,0,0
1023.jpeg,1,0,0,0
1489.jpeg,0,0,1,0
4882.jpeg,0,1,0,0
4696.jpeg,0,1,0,0
2563.jpeg,0,1,0,0
932.jpeg,1,0,0,0
4376.jpeg,0,1,0,0
3654.jpeg,0,1,0,0
3203.jpeg,0,1,0,0
5527.jpeg,0,0,1,0
183.jpeg,1,0,0,0
4477.jpeg,0,1,0,0
1918.jpeg,0,0,1,0
5223.jpeg,0,0,1,0
4136.jpeg,0,1,0,0
4132.jpeg,0,0,1,0
954.jpeg,1,0,0,0
5052.jpeg,0,0,1,0
4064.jpeg,0,1,0,0
679.jpeg,1,0,0,0
5221.jpeg,0,0,1,0
1988.jpeg,0,1,0,0
951.jpeg,1,0,0,0
3221.jpeg,0,1,0,0
5374.jpeg,1,0,0,0
541.jpeg,1,0,0,0
2783.jpeg,0,1,0,0
5114.jpeg,0,0,1,0
2826.jpeg,0,1,0,0
1036.jpeg,1,0,0,0
5299.jpeg,1,0,0,0
4916.jpeg,0,0,1,0
2860.jpeg,0,1,0,0
4390.jpeg,0,1,0,0
4948.jpeg,0,0,1,0
1427.jpeg,0,0,1,0
3498.jpeg,0,1,0,0
4281.jpeg,0,1,0,0
243.jpeg,1,0,0,0
4444.jpeg,0,0,1,0
3246.jpeg,0,1,0,0
497.jpeg,1,0,0,0
5784.jpeg,0,0,1,0
2667.jpeg,0,0,1,0
1155.jpeg,1,0,0,0
3518.jpeg,0,0,1,0
852.jpeg,1,0,0,0
1281.jpeg,1,0,0,0
2450.jpeg,0,0,1,0
5899.jpeg,0,0,1,0
1862.jpeg,0,0,1,0
1390.jpeg,1,0,0,0
2743.jpeg,0,1,0,0
1441.jpeg,0,0,1,0
4859.jpeg,0,0,1,0
2526.jpeg,0,0,1,0
564.jpeg,1,0,0,0
1607.jpeg,0,0,1,0
421.jpeg,1,0,0,0
2106.jpeg,0,0,1,0
240.jpeg,1,0,0,0
5343.jpeg,1,0,0,0
3652.jpeg,0,1,0,0
3176.jpeg,0,1,0,0
3640.jpeg,0,1,0,0
2297.jpeg,0,1,0,0
5261.jpeg,0,0,1,0
637.jpeg,1,0,0,0
3646.jpeg,0,1,0,0
4101.jpeg,0,0,1,0
2268.jpeg,0,1,0,0
4983.jpeg,0,1,0,0
3057.jpeg,0,1,0,0
3605.jpeg,0,0,1,0
1549.jpeg,0,0,1,0
2065.jpeg,0,1,0,0
4437.jpeg,0,0,1,0
3811.jpeg,0,1,0,0
4024.jpeg,0,1,0,0
5257.jpeg,0,1,0,0
3239.jpeg,0,0,1,0
3656.jpeg,0,1,0,0
5795.jpeg,0,0,1,0
4100.jpeg,0,1,0,0
1503.jpeg,0,1,0,0
3102.jpeg,0,1,0,0
2779.jpeg,0,1,0,0
3583.jpeg,0,1,0,0
4250.jpeg,0,1,0,0
584.jpeg,1,0,0,0
3748.jpeg,0,0,1,0
3636.jpeg,0,1,0,0
4804.jpeg,0,0,1,0
4329.jpeg,0,1,0,0
4163.jpeg,0,1,0,0
2217.jpeg,0,1,0,0
2749.jpeg,0,1,0,0
2104.jpeg,0,0,1,0
3538.jpeg,0,0,1,0
1876.jpeg,0,1,0,0
2553.jpeg,0,1,0,0
4259.jpeg,0,1,0,0
3008.jpeg,0,1,0,0
3588.jpeg,0,0,1,0
2231.jpeg,0,0,1,0
1234.jpeg,1,0,0,0
4245.jpeg,0,1,0,0
4452.jpeg,0,1,0,0
2246.jpeg,0,1,0,0
344.jpeg,1,0,0,0
5595.jpeg,0,1,0,0
3446.jpeg,0,1,0,0
3505.jpeg,0,1,0,0
5204.jpeg,0,1,0,0
404.jpeg,1,0,0,0
5284.jpeg,1,0,0,0
3383.jpeg,0,1,0,0
435.jpeg,1,0,0,0
3653.jpeg,0,1,0,0
2157.jpeg,0,1,0,0
463.jpeg,1,0,0,0
2527.jpeg,0,0,1,0
1542.jpeg,0,0,1,0
3063.jpeg,0,1,0,0
5502.jpeg,1,0,0,0
4897.jpeg,0,1,0,0
1954.jpeg,0,0,1,0
4776.jpeg,0,1,0,0
5314.jpeg,1,0,0,0
4115.jpeg,0,0,1,0
5792.jpeg,0,0,1,0
1630.jpeg,0,0,1,0
4734.jpeg,0,0,1,0
5402.jpeg,1,0,0,0
241.jpeg,1,0,0,0
2508.jpeg,0,0,1,0
4840.jpeg,0,0,1,0
1680.jpeg,0,1,0,0
3910.jpeg,0,1,0,0
3045.jpeg,0,1,0,0
4296.jpeg,0,1,0,0
1833.jpeg,0,1,0,0
1664.jpeg,0,1,0,0
781.jpeg,1,0,0,0
1660.jpeg,0,0,1,0
1839.jpeg,0,0,1,0
3528.jpeg,0,1,0,0
1254.jpeg,1,0,0,0
4644.jpeg,0,1,0,0
3206.jpeg,0,1,0,0
220.jpeg,1,0,0,0
5839.jpeg,0,0,1,0
4242.jpeg,0,1,0,0
2929.jpeg,0,1,0,0
1978.jpeg,0,1,0,0
3658.jpeg,0,1,0,0
5316.jpeg,1,0,0,0
2661.jpeg,0,0,1,0
320.jpeg,1,0,0,0
2248.jpeg,0,1,0,0
1157.jpeg,1,0,0,0
4503.jpeg,0,1,0,0
3410.jpeg,0,1,0,0
2593.jpeg,0,0,1,0
226.jpeg,1,0,0,0
2484.jpeg,0,0,1,0
919.jpeg,1,0,0,0
2858.jpeg,0,1,0,0
2682.jpeg,0,1,0,0
2316.jpeg,0,1,0,0
4373.jpeg,0,1,0,0
3347.jpeg,0,1,0,0
4140.jpeg,0,1,0,0
5285.jpeg,1,0,0,0
736.jpeg,1,0,0,0
2670.jpeg,0,1,0,0
2002.jpeg,0,0,1,0
985.jpeg,1,0,0,0
1733.jpeg,0,0,1,0
378.jpeg,1,0,0,0
109.jpeg,1,0,0,0
5161.jpeg,0,0,1,0
2468.jpeg,0,0,1,0
3824.jpeg,0,1,0,0
3417.jpeg,0,1,0,0
3590.jpeg,0,1,0,0
317.jpeg,1,0,0,0
4409.jpeg,0,1,0,0
2007.jpeg,0,1,0,0
2340.jpeg,0,1,0,0
3434.jpeg,0,1,0,0
3442.jpeg,0,1,0,0
2571.jpeg,0,0,1,0
2607.jpeg,0,1,0,0
1118.jpeg,1,0,0,0
3242.jpeg,0,1,0,0
1260.jpeg,1,0,0,0
1321.jpeg,1,0,0,0
1894.jpeg,0,0,1,0
4572.jpeg,0,1,0,0
1791.jpeg,0,0,1,0
5232.jpeg,0,0,1,0
2206.jpeg,0,1,0,0
222.jpeg,1,0,0,0
5600.jpeg,0,1,0,0
5046.jpeg,0,1,0,0
3217.jpeg,0,1,0,0
417.jpeg,1,0,0,0
2635.jpeg,0,1,0,0
1237.jpeg,1,0,0,0
1125.jpeg,1,0,0,0
480.jpeg,1,0,0,0
1149.jpeg,1,0,0,0
2567.jpeg,0,1,0,0
178.jpeg,1,0,0,0
3215.jpeg,0,1,0,0
2258.jpeg,0,0,1,0
2688.jpeg,0,0,1,0
5702.jpeg,0,1,0,0
1571.jpeg,0,1,0,0
2155.jpeg,0,1,0,0
187.jpeg,1,0,0,0
3000.jpeg,0,1,0,0
3123.jpeg,0,1,0,0
1100.jpeg,1,0,0,0
4418.jpeg,0,1,0,0
5822.jpeg,0,0,1,0
4737.jpeg,0,1,0,0
5477.jpeg,1,0,0,0
2874.jpeg,0,1,0,0
3192.jpeg,0,0,1,0
1319.jpeg,1,0,0,0
2732.jpeg,0,1,0,0
2172.jpeg,0,0,1,0
5591.jpeg,0,1,0,0
4754.jpeg,0,1,0,0
4886.jpeg,0,0,1,0
3211.jpeg,0,1,0,0
2169.jpeg,0,1,0,0
4865.jpeg,0,0,1,0
680.jpeg,1,0,0,0
4574.jpeg,0,1,0,0
2084.jpeg,0,0,1,0
5391.jpeg,1,0,0,0
5062.jpeg,0,0,1,0
2964.jpeg,0,1,0,0
4197.jpeg,0,1,0,0
2696.jpeg,0,0,1,0
5332.jpeg,1,0,0,0
2305.jpeg,0,0,1,0
1411.jpeg,0,1,0,0
4323.jpeg,0,1,0,0
5884.jpeg,0,0,1,0
4752.jpeg,0,1,0,0
1874.jpeg,0,0,1,0
5742.jpeg,0,1,0,0
4009.jpeg,0,0,1,0
479.jpeg,1,0,0,0
1865.jpeg,0,0,1,0
4358.jpeg,0,1,0,0
2846.jpeg,0,1,0,0
5829.jpeg,0,0,1,0
1846.jpeg,0,0,1,0
5006.jpeg,0,0,1,0
4212.jpeg,0,1,0,0
961.jpeg,1,0,0,0
3777.jpeg,0,1,0,0
5060.jpeg,0,1,0,0
5134.jpeg,0,1,0,0
2095.jpeg,0,1,0,0
2416.jpeg,0,0,1,0
3158.jpeg,0,1,0,0
1778.jpeg,0,1,0,0
4621.jpeg,0,1,0,0
4764.jpeg,0,0,1,0
5368.jpeg,1,0,0,0
1706.jpeg,0,0,1,0
2599.jpeg,0,1,0,0
4942.jpeg,0,1,0,0
1177.jpeg,1,0,0,0
5211.jpeg,0,1,0,0
4134.jpeg,0,1,0,0
4547.jpeg,0,1,0,0
2503.jpeg,0,1,0,0
3019.jpeg,0,1,0,0
703.jpeg,1,0,0,0
5388.jpeg,1,0,0,0
508.jpeg,1,0,0,0
4342.jpeg,0,1,0,0
5122.jpeg,0,1,0,0
1746.jpeg,0,1,0,0
702.jpeg,1,0,0,0
3084.jpeg,0,1,0,0
1939.jpeg,0,0,1,0
1376.jpeg,1,0,0,0
3721.jpeg,0,1,0,0
5447.jpeg,1,0,0,0
2438.jpeg,0,1,0,0
3606.jpeg,0,0,1,0
5485.jpeg,1,0,0,0
1779.jpeg,0,0,1,0
488.jpeg,1,0,0,0
4125.jpeg,0,0,1,0
4553.jpeg,0,1,0,0
4793.jpeg,0,1,0,0
1965.jpeg,0,0,1,0
4552.jpeg,0,1,0,0
3701.jpeg,0,1,0,0
2908.jpeg,0,1,0,0
1760.jpeg,0,1,0,0
3444.jpeg,0,1,0,0
4603.jpeg,0,1,0,0
678.jpeg,1,0,0,0
634.jpeg,1,0,0,0
3801.jpeg,0,0,1,0
1287.jpeg,1,0,0,0
4834.jpeg,0,0,1,0
2724.jpeg,0,1,0,0
3096.jpeg,0,1,0,0
3649.jpeg,0,1,0,0
2000.jpeg,0,0,1,0
4184.jpeg,0,1,0,0
4139.jpeg,0,0,1,0
3092.jpeg,0,1,0,0
3483.jpeg,0,1,0,0
696.jpeg,1,0,0,0
5036.jpeg,0,0,1,0
1576.jpeg,0,0,1,0
1340.jpeg,1,0,0,0
2082.jpeg,0,1,0,0
5898.jpeg,0,0,1,0
4672.jpeg,0,0,1,0
1296.jpeg,1,0,0,0
1415.jpeg,0,1,0,0
1524.jpeg,0,1,0,0
3070.jpeg,0,1,0,0
5699.jpeg,0,1,0,0
2889.jpeg,0,1,0,0
203.jpeg,1,0,0,0
1248.jpeg,1,0,0,0
5629.jpeg,0,1,0,0
5422.jpeg,1,0,0,0
3270.jpeg,0,1,0,0
1734.jpeg,0,0,1,0
1982.jpeg,0,1,0,0
3804.jpeg,0,1,0,0
418.jpeg,1,0,0,0
803.jpeg,1,0,0,0
446.jpeg,1,0,0,0
5549.jpeg,0,1,0,0
5032.jpeg,0,0,1,0
4542.jpeg,0,0,1,0
1085.jpeg,1,0,0,0
2427.jpeg,0,1,0,0
4587.jpeg,0,1,0,0
1685.jpeg,0,0,1,0
4877.jpeg,0,1,0,0
1532.jpeg,0,0,1,0
3430.jpeg,0,1,0,0
5567.jpeg,0,1,0,0
1804.jpeg,0,1,0,0
2370.jpeg,0,1,0,0
5905.jpeg,0,0,1,0
5770.jpeg,0,1,0,0
1213.jpeg,1,0,0,0
5570.jpeg,0,1,0,0
4421.jpeg,0,1,0,0
2751.jpeg,0,1,0,0
2538.jpeg,0,1,0,0
580.jpeg,1,0,0,0
427.jpeg,1,0,0,0
2443.jpeg,0,1,0,0
1668.jpeg,0,1,0,0
258.jpeg,1,0,0,0
3546.jpeg,0,1,0,0
3298.jpeg,0,1,0,0
2801.jpeg,0,1,0,0
3229.jpeg,0,1,0,0
625.jpeg,1,0,0,0
914.jpeg,1,0,0,0
4934.jpeg,0,1,0,0
2727.jpeg,0,1,0,0
839.jpeg,1,0,0,0
1224.jpeg,1,0,0,0
1728.jpeg,0,0,1,0
3.jpg,0,0,0,1
5288.jpeg,1,0,0,0
1386.jpeg,1,0,0,0
1455.jpeg,0,0,1,0
133.jpeg,1,0,0,0
2760.jpeg,0,1,0,0
3448.jpeg,0,0,1,0
936.jpeg,1,0,0,0
4592.jpeg,0,1,0,0
1845.jpeg,0,0,1,0
5188.jpeg,0,0,1,0
1943.jpeg,0,1,0,0
3163.jpeg,0,1,0,0
5619.jpeg,0,1,0,0
5311.jpeg,1,0,0,0
5499.jpeg,1,0,0,0
5456.jpeg,1,0,0,0
4432.jpeg,0,0,1,0
170.jpeg,1,0,0,0
653.jpeg,1,0,0,0
3022.jpeg,0,1,0,0
3216.jpeg,0,1,0,0
2737.jpeg,0,1,0,0
2321.jpeg,0,1,0,0
5117.jpeg,0,1,0,0
247.jpeg,1,0,0,0
3962.jpeg,0,1,0,0
3400.jpeg,0,0,1,0
5800.jpeg,0,0,1,0
4867.jpeg,0,0,1,0
1920.jpeg,0,0,1,0
700.jpeg,1,0,0,0
1487.jpeg,0,1,0,0
4850.jpeg,0,0,1,0
13.jpeg,0,0,0,1
282.jpeg,1,0,0,0
1541.jpeg,0,1,0,0
4879.jpeg,0,1,0,0
353.jpeg,1,0,0,0
3526.jpeg,0,1,0,0
4851.jpeg,0,1,0,0
3981.jpeg,0,1,0,0
4831.jpeg,0,1,0,0
2697.jpeg,0,1,0,0
4883.jpeg,0,1,0,0
1913.jpeg,0,1,0,0
2565.jpeg,0,1,0,0
3850.jpeg,0,1,0,0
5904.jpeg,0,0,1,0
3596.jpeg,0,0,1,0
1516.jpeg,0,0,1,0
5494.jpeg,1,0,0,0
5277.jpg,0,1,0,0
3638.jpeg,0,0,1,0
5323.jpeg,1,0,0,0
1702.jpeg,0,1,0,0
5096.jpeg,0,1,0,0
2698.jpeg,0,0,1,0
2325.jpeg,0,0,1,0
3961.jpeg,0,1,0,0
5287.jpeg,1,0,0,0
924.jpeg,1,0,0,0
3513.jpeg,0,1,0,0
50.jpg,0,0,0,1
2648.jpeg,0,0,1,0
2836.jpeg,0,1,0,0
1917.jpeg,0,0,1,0
1838.jpeg,0,0,1,0
467.jpeg,1,0,0,0
1043.jpeg,1,0,0,0
2644.jpeg,0,0,1,0
3372.jpeg,0,0,1,0
265.jpeg,1,0,0,0
4515.jpeg,0,1,0,0
2986.jpeg,0,1,0,0
5538.jpeg,0,0,1,0
2804.jpeg,0,1,0,0
4333.jpeg,0,1,0,0
1679.jpeg,0,1,0,0
3297.jpeg,0,0,1,0
2127.jpeg,0,1,0,0
5331.jpeg,1,0,0,0
4527.jpeg,0,1,0,0
786.jpeg,1,0,0,0
2841.jpeg,0,1,0,0
3719.jpeg,0,0,1,0
4766.jpeg,0,1,0,0
4700.jpeg,0,0,1,0
2080.jpeg,0,0,1,0
2965.jpeg,0,1,0,0
2881.jpeg,0,1,0,0
1594.jpeg,0,1,0,0
3810.jpeg,0,1,0,0
3378.jpeg,0,0,1,0
1364.jpeg,1,0,0,0
2223.jpeg,0,0,1,0
1801.jpeg,0,1,0,0
4795.jpeg,0,0,1,0
2685.jpeg,0,0,1,0
5645.jpeg,0,1,0,0
214.jpeg,1,0,0,0
1747.jpeg,0,1,0,0
2955.jpeg,0,1,0,0
4096.jpeg,0,1,0,0
4161.jpeg,0,0,1,0
212.jpeg,1,0,0,0
1379.jpeg,1,0,0,0
4531.jpeg,0,1,0,0
1065.jpeg,1,0,0,0
5620.jpeg,0,1,0,0
98.jpeg,1,0,0,0
3156.jpeg,0,1,0,0
1644.jpeg,0,1,0,0
398.jpeg,1,0,0,0
1098.jpeg,1,0,0,0
3592.jpeg,0,1,0,0
1784.jpeg,0,1,0,0
2742.jpeg,0,1,0,0
4282.jpeg,0,1,0,0
668.jpeg,1,0,0,0
176.jpeg,1,0,0,0
2469.jpeg,0,0,1,0
4509.jpeg,0,1,0,0
3501.jpeg,0,1,0,0
3893.jpeg,0,0,1,0
117.jpeg,1,0,0,0
2059.jpeg,0,0,1,0
1669.jpeg,0,0,1,0
3060.jpeg,0,1,0,0
5249.jpeg,0,1,0,0
3141.jpeg,0,1,0,0
1148.jpeg,1,0,0,0
3604.jpeg,0,0,1,0
1219.jpeg,1,0,0,0
1179.jpeg,1,0,0,0
2038.jpeg,0,0,1,0
316.jpeg,1,0,0,0
2371.jpeg,0,0,1,0
4417.jpeg,0,1,0,0
2692.jpeg,0,0,1,0
4921.jpeg,0,0,1,0
4317.jpeg,0,0,1,0
2775.jpeg,0,1,0,0
155.jpeg,1,0,0,0
1705.jpeg,0,0,1,0
3034.jpeg,0,1,0,0
910.jpeg,1,0,0,0
88.jpeg,1,0,0,0
2745.jpeg,0,1,0,0
3541.jpeg,0,1,0,0
2777.jpeg,0,1,0,0
2830.jpeg,0,1,0,0
1448.jpeg,0,0,1,0
1646.jpeg,0,1,0,0
993.jpeg,1,0,0,0
474.jpeg,1,0,0,0
164.jpeg,1,0,0,0
1619.jpeg,0,0,1,0
5608.jpeg,0,1,0,0
3706.jpeg,0,1,0,0
394.jpeg,1,0,0,0
783.jpeg,1,0,0,0
5651.jpeg,0,1,0,0
2187.jpeg,0,0,1,0
130.jpeg,1,0,0,0
3125.jpeg,0,1,0,0
3169.jpeg,0,1,0,0
4085.jpeg,0,1,0,0
5582.jpeg,0,1,0,0
2227.jpeg,0,1,0,0
3949.jpeg,0,1,0,0
525.jpeg,1,0,0,0
4435.jpeg,0,0,1,0
2339.jpeg,0,0,1,0
5652.jpeg,0,1,0,0
2390.jpeg,0,0,1,0
4943.jpeg,0,0,1,0
1777.jpeg,0,0,1,0
3134.jpeg,0,1,0,0
323.jpeg,1,0,0,0
5853.jpeg,0,1,0,0
1438.jpeg,0,0,1,0
4517.jpeg,0,1,0,0
2114.jpeg,0,0,1,0
4343.jpeg,0,1,0,0
518.jpeg,1,0,0,0
2856.jpeg,0,1,0,0
1150.jpeg,1,0,0,0
647.jpeg,1,0,0,0
4835.jpeg,0,0,1,0
1726.jpeg,0,0,1,0
2770.jpeg,0,1,0,0
1949.jpeg,0,1,0,0
1767.jpeg,0,0,1,0
3899.jpeg,0,0,1,0
3549.jpeg,0,0,1,0
5714.jpeg,0,1,0,0
748.jpeg,1,0,0,0
1071.jpeg,1,0,0,0
2759.jpeg,0,1,0,0
5457.jpeg,1,0,0,0
5250.jpeg,0,1,0,0
456.jpeg,1,0,0,0
1496.jpeg,0,0,1,0
1745.jpeg,0,0,1,0
1810.jpeg,0,0,1,0
4683.jpeg,0,1,0,0
5820.jpeg,0,0,1,0
3765.jpeg,0,0,1,0
238.jpeg,1,0,0,0
1076.jpeg,1,0,0,0
3939.jpeg,0,1,0,0
2494.jpeg,0,1,0,0
4655.jpeg,0,0,1,0
4929.jpeg,0,1,0,0
1127.jpeg,1,0,0,0
2179.jpeg,0,1,0,0
5687.jpeg,0,1,0,0
1476.jpeg,0,1,0,0
2989.jpeg,0,0,1,0
4091.jpeg,0,0,1,0
2112.jpeg,0,0,1,0
3747.jpeg,0,1,0,0
1017.jpeg,1,0,0,0
2551.jpeg,0,0,1,0
2761.jpeg,0,1,0,0
3036.jpeg,0,1,0,0
1114.jpeg,1,0,0,0
4666.jpeg,0,1,0,0
4127.jpeg,0,1,0,0
4263.jpeg,0,1,0,0
3364.jpeg,0,1,0,0
4871.jpeg,0,1,0,0
5599.jpeg,0,1,0,0
727.jpeg,1,0,0,0
5154.jpeg,0,1,0,0
2923.jpeg,0,1,0,0
1931.jpeg,0,1,0,0
1343.jpeg,1,0,0,0
5233.jpeg,0,1,0,0
4402.jpeg,0,0,1,0
3247.jpeg,0,0,1,0
4433.jpeg,0,0,1,0
5783.jpeg,0,0,1,0
4997.jpeg,0,1,0,0
5085.jpeg,0,0,1,0
2975.jpeg,0,1,0,0
5225.jpeg,0,0,1,0
3545.jpeg,0,1,0,0
3610.jpeg,0,0,1,0
4497.jpeg,0,1,0,0
5222.jpeg,0,1,0,0
3914.jpeg,0,1,0,0
210.jpeg,1,0,0,0
1061.jpeg,1,0,0,0
3730.jpeg,0,1,0,0
4976.jpeg,0,0,1,0
2019.jpeg,0,1,0,0
2418.jpeg,0,0,1,0
1539.jpeg,0,0,1,0
1523.jpeg,0,0,1,0
4248.jpeg,0,1,0,0
5397.jpeg,1,0,0,0
1278.jpeg,1,0,0,0
163.jpeg,1,0,0,0
4925.jpeg,0,0,1,0
2050.jpeg,0,1,0,0
1367.jpeg,1,0,0,0
3412.jpeg,0,1,0,0
4129.jpeg,0,1,0,0
1477.jpeg,0,0,1,0
545.jpeg,1,0,0,0
4460.jpeg,0,0,1,0
2005.jpeg,0,1,0,0
5451.jpeg,1,0,0,0
1249.jpeg,1,0,0,0
4873.jpeg,0,1,0,0
4080.jpeg,0,1,0,0
2287.jpeg,0,0,1,0
1326.jpeg,1,0,0,0
3210.jpeg,0,0,1,0
795.jpeg,1,0,0,0
1301.jpeg,1,0,0,0
5335.jpeg,1,0,0,0
103.jpeg,1,0,0,0
1567.jpeg,0,0,1,0
493.jpeg,1,0,0,0
1257.jpeg,1,0,0,0
4648.jpeg,0,1,0,0
2906.jpeg,0,1,0,0
3147.jpeg,0,1,0,0
3318.jpeg,0,1,0,0
5861.jpeg,0,1,0,0
5647.jpeg,0,1,0,0
4611.jpeg,0,1,0,0
2613.jpeg,0,1,0,0
4396.jpeg,0,0,1,0
2705.jpeg,0,1,0,0
2471.jpeg,0,1,0,0
4640.jpeg,0,0,1,0
5113.jpeg,0,1,0,0
536.jpeg,1,0,0,0
5873.jpeg,0,0,1,0
3873.jpeg,0,0,1,0
5367.jpeg,1,0,0,0
2979.jpeg,0,1,0,0
4319.jpeg,0,1,0,0
4656.jpeg,0,1,0,0
738.jpeg,1,0,0,0
2442.jpeg,0,0,1,0
4538.jpeg,0,0,1,0
3861.jpeg,0,1,0,0
3159.jpeg,0,1,0,0
600.jpeg,1,0,0,0
902.jpeg,1,0,0,0
5407.jpeg,1,0,0,0
1412.jpeg,0,1,0,0
3986.jpeg,0,1,0,0
5492.jpeg,1,0,0,0
442.jpeg,1,0,0,0
1977.jpeg,0,1,0,0
4079.jpeg,0,1,0,0
2361.jpeg,0,1,0,0
1291.jpeg,1,0,0,0
386.jpeg,1,0,0,0
2505.jpeg,0,1,0,0
3794.jpeg,0,1,0,0
2483.jpeg,0,1,0,0
4707.jpeg,0,1,0,0
2467.jpeg,0,0,1,0
5509.jpeg,1,0,0,0
1583.jpeg,0,1,0,0
4404.jpeg,0,1,0,0
73.jpeg,1,0,0,0
4775.jpeg,0,0,1,0
4521.jpeg,0,0,1,0
4026.jpeg,0,0,1,0
1099.jpeg,1,0,0,0
4822.jpeg,0,1,0,0
4715.jpeg,0,1,0,0
3645.jpeg,0,1,0,0
4938.jpeg,0,1,0,0
4113.jpeg,0,0,1,0
1625.jpeg,0,0,1,0
662.jpeg,1,0,0,0
5324.jpeg,1,0,0,0
188.jpeg,1,0,0,0
3616.jpeg,0,1,0,0
3822.jpeg,0,1,0,0
4381.jpeg,0,0,1,0
4300.jpeg,0,1,0,0
704.jpeg,1,0,0,0
1135.jpeg,1,0,0,0
5844.jpeg,0,0,1,0
2020.jpeg,0,1,0,0
4490.jpeg,0,1,0,0
108.jpeg,1,0,0,0
879.jpeg,1,0,0,0
5790.jpeg,0,0,1,0
2887.jpeg,0,1,0,0
1582.jpeg,0,0,1,0
2632.jpeg,0,1,0,0
3535.jpeg,0,1,0,0
758.jpeg,1,0,0,0
4068.jpeg,0,1,0,0
137.jpeg,1,0,0,0
3607.jpeg,0,0,1,0
2869.jpeg,0,1,0,0
1755.jpeg,0,0,1,0
4468.jpeg,0,1,0,0
5540.jpeg,0,0,1,0
2900.jpeg,0,1,0,0
3724.jpeg,0,1,0,0
94.jpeg,1,0,0,0
2497.jpeg,0,1,0,0
726.jpeg,1,0,0,0
4164.jpeg,0,1,0,0
2708.jpeg,0,1,0,0
1514.jpeg,0,0,1,0
269.jpeg,1,0,0,0
1991.jpeg,0,0,1,0
2597.jpeg,0,0,1,0
5178.jpeg,0,1,0,0
5279.jpeg,0,0,1,0
5592.jpeg,0,1,0,0
1005.jpeg,1,0,0,0
1084.jpeg,1,0,0,0
2516.jpeg,0,1,0,0
3308.jpeg,0,1,0,0
2003.jpeg,0,0,1,0
4013.jpeg,0,0,1,0
3490.jpeg,0,1,0,0
3759.jpeg,0,0,1,0
1752.jpeg,0,0,1,0
5801.jpeg,0,0,1,0
4227.jpeg,0,1,0,0
5805.jpeg,0,0,1,0
2320.jpeg,0,0,1,0
2891.jpeg,0,1,0,0
1372.jpeg,1,0,0,0
1365.jpeg,1,0,0,0
5465.jpeg,1,0,0,0
5590.jpeg,0,1,0,0
1207.jpeg,1,0,0,0
1704.jpeg,0,0,1,0
498.jpeg,1,0,0,0
3751.jpeg,0,1,0,0
2778.jpeg,0,1,0,0
2598.jpeg,0,1,0,0
2198.jpeg,0,0,1,0
1828.jpeg,0,0,1,0
2677.jpeg,0,1,0,0
3726.jpeg,0,0,1,0
2387.jpeg,0,1,0,0
3559.jpeg,0,1,0,0
2149.jpeg,0,1,0,0
5131.jpeg,0,0,1,0
4165.jpeg,0,1,0,0
1268.jpeg,1,0,0,0
1599.jpeg,0,0,1,0
949.jpeg,1,0,0,0
1001.jpeg,1,0,0,0
811.jpeg,1,0,0,0
4955.jpeg,0,1,0,0
2763.jpeg,0,1,0,0
2540.jpeg,0,1,0,0
1223.jpeg,1,0,0,0
5854.jpeg,0,1,0,0
2609.jpeg,0,1,0,0
464.jpeg,1,0,0,0
1620.jpeg,0,1,0,0
1192.jpeg,1,0,0,0
3644.jpeg,0,1,0,0
3694.jpeg,0,1,0,0
1812.jpeg,0,0,1,0
3787.jpeg,0,0,1,0
1105.jpeg,1,0,0,0
2298.jpeg,0,1,0,0
4676.jpeg,0,0,1,0
5125.jpeg,0,1,0,0
1122.jpeg,1,0,0,0
774.jpeg,1,0,0,0
2088.jpeg,0,1,0,0
3533.jpeg,0,1,0,0
3864.jpeg,0,0,1,0
5752.jpeg,0,1,0,0
3068.jpeg,0,1,0,0
2012.jpeg,0,1,0,0
5100.jpeg,0,1,0,0
550.jpeg,1,0,0,0
2872.jpeg,0,1,0,0
5480.jpeg,1,0,0,0
2253.jpeg,0,0,1,0
2914.jpeg,0,1,0,0
5128.jpeg,0,1,0,0
5695.jpeg,0,1,0,0
100.jpeg,1,0,0,0
1397.jpeg,1,0,0,0
1211.jpeg,1,0,0,0
3225.jpeg,0,1,0,0
1453.jpeg,0,1,0,0
375.jpeg,1,0,0,0
1564.jpeg,0,0,1,0
2958.jpeg,0,1,0,0
3881.jpeg,0,1,0,0
1980.jpeg,0,0,1,0
1600.jpeg,0,1,0,0
1548.jpeg,0,0,1,0
4657.jpeg,0,1,0,0
373.jpeg,1,0,0,0
6.jpg,0,0,0,1
2071.jpeg,0,1,0,0
937.jpeg,1,0,0,0
465.jpeg,1,0,0,0
3348.jpeg,0,1,0,0
1074.jpeg,1,0,0,0
549.jpeg,1,0,0,0
1692.jpeg,0,1,0,0
1886.jpeg,0,0,1,0
2331.jpeg,0,1,0,0
5754.jpeg,0,1,0,0
832.jpeg,1,0,0,0
3689.jpeg,0,1,0,0
3262.jpeg,0,0,1,0
1750.jpeg,0,0,1,0
5782.jpeg,0,0,1,0
1102.jpeg,1,0,0,0
1597.jpeg,0,1,0,0
1584.jpeg,0,0,1,0
1716.jpeg,0,1,0,0
4088.jpeg,0,1,0,0
893.jpeg,1,0,0,0
1824.jpeg,0,1,0,0
1033.jpeg,1,0,0,0
372.jpeg,1,0,0,0
579.jpeg,1,0,0,0
3310.jpeg,0,1,0,0
3066.jpeg,0,1,0,0
5819.jpeg,0,0,1,0
5304.jpeg,1,0,0,0
1914.jpeg,0,0,1,0
3925.jpeg,0,1,0,0
3316.jpeg,0,1,0,0
2004.jpeg,0,1,0,0
3809.jpeg,0,1,0,0
5031.jpeg,0,1,0,0
4561.jpeg,0,1,0,0
5267.jpeg,0,0,1,0
5236.jpeg,0,1,0,0
5362.jpeg,1,0,0,0
1654.jpeg,0,1,0,0
1311.jpeg,1,0,0,0
3271.jpeg,0,1,0,0
1841.jpeg,0,0,1,0
2499.jpeg,0,1,0,0
2011.jpeg,0,0,1,0
1373.jpeg,1,0,0,0
2592.jpeg,0,0,1,0
3243.jpeg,0,1,0,0
2360.jpeg,0,1,0,0
1902.jpeg,0,0,1,0
4597.jpeg,0,1,0,0
4482.jpeg,0,1,0,0
898.jpeg,1,0,0,0
4499.jpeg,0,1,0,0
1046.jpeg,1,0,0,0
4185.jpeg,0,1,0,0
3185.jpeg,0,1,0,0
69.jpeg,1,0,0,0
1641.jpeg,0,1,0,0
5037.jpeg,0,1,0,0
5055.jpeg,0,0,1,0
182.jpeg,1,0,0,0
613.jpeg,1,0,0,0
4118.jpeg,0,0,1,0
1992.jpeg,0,0,1,0
2623.jpeg,0,1,0,0
211.jpeg,1,0,0,0
3582.jpeg,0,1,0,0
1735.jpeg,0,0,1,0
583.jpeg,1,0,0,0
351.jpeg,1,0,0,0
2083.jpeg,0,0,1,0
3913.jpeg,0,1,0,0
2446.jpeg,0,1,0,0
4591.jpeg,0,1,0,0
3836.jpeg,0,1,0,0
120.jpeg,1,0,0,0
3322.jpeg,0,1,0,0
4143.jpeg,0,1,0,0
3395.jpeg,0,1,0,0
2703.jpeg,0,1,0,0
4107.jpeg,0,1,0,0
1044.jpeg,1,0,0,0
4687.jpeg,0,0,1,0
802.jpeg,1,0,0,0
1834.jpeg,0,1,0,0
2195.jpeg,0,1,0,0
4022.jpeg,0,1,0,0
5637.jpeg,0,1,0,0
3304.jpeg,0,1,0,0
3479.jpeg,0,0,1,0
4052.jpeg,0,1,0,0
236.jpeg,1,0,0,0
96.jpeg,1,0,0,0
3739.jpeg,0,0,1,0
1082.jpeg,1,0,0,0
2393.jpeg,0,1,0,0
1579.jpeg,0,1,0,0
5219.jpeg,0,0,1,0
466.jpeg,1,0,0,0
5200.jpeg,0,1,0,0
4805.jpeg,0,1,0,0
4709.jpeg,0,1,0,0
2133.jpeg,0,1,0,0
4791.jpeg,0,1,0,0
5054.jpeg,0,1,0,0
2564.jpeg,0,1,0,0
3073.jpeg,0,1,0,0
698.jpeg,1,0,0,0
5859.jpeg,0,1,0,0
3886.jpeg,0,1,0,0
3377.jpeg,0,0,1,0
1795.jpeg,0,1,0,0
2291.jpeg,0,0,1,0
5618.jpeg,0,1,0,0
544.jpeg,1,0,0,0
3195.jpeg,0,1,0,0
1038.jpeg,1,0,0,0
5413.jpeg,1,0,0,0
1569.jpeg,0,1,0,0
148.jpeg,1,0,0,0
284.jpeg,1,0,0,0
1274.jpeg,1,0,0,0
2014.jpeg,0,1,0,0
4637.jpeg,0,1,0,0
4192.jpeg,0,1,0,0
5767.jpeg,0,1,0,0
2282.jpeg,0,1,0,0
927.jpeg,1,0,0,0
2023.jpeg,0,1,0,0
836.jpeg,1,0,0,0
2518.jpeg,0,1,0,0
2641.jpeg,0,0,1,0
5008.jpeg,0,1,0,0
3401.jpeg,0,1,0,0
804.jpeg,1,0,0,0
3539.jpeg,0,1,0,0
2230.jpeg,0,1,0,0
78.jpeg,1,0,0,0
2817.jpeg,0,1,0,0
1479.jpeg,0,0,1,0
4755.jpeg,0,0,1,0
2235.jpeg,0,0,1,0
2857.jpeg,0,1,0,0
61.jpeg,1,0,0,0
1402.jpeg,0,0,1,0
2309.jpeg,0,0,1,0
1168.jpeg,1,0,0,0
741.jpeg,1,0,0,0
1409.jpeg,0,0,1,0
4494.jpeg,0,1,0,0
32.jpeg,0,0,0,1
33.jpeg,0,0,0,1
3587.jpeg,0,1,0,0
4183.jpeg,0,1,0,0
106.jpeg,1,0,0,0
4686.jpeg,0,1,0,0
659.jpeg,1,0,0,0
5685.jpeg,0,1,0,0
504.jpeg,1,0,0,0
2493.jpeg,0,0,1,0
2064.jpeg,0,1,0,0
90.jpeg,1,0,0,0
5065.jpeg,0,1,0,0
4602.jpeg,0,1,0,0
1123.jpeg,1,0,0,0
1176.jpeg,1,0,0,0
1540.jpeg,0,0,1,0
1786.jpeg,0,0,1,0
1469.jpeg,0,0,1,0
1286.jpeg,1,0,0,0
1171.jpeg,1,0,0,0
1042.jpeg,1,0,0,0
994.jpeg,1,0,0,0
5049.jpeg,0,1,0,0
2145.jpeg,0,1,0,0
4018.jpeg,0,1,0,0
2143.jpeg,0,1,0,0
3075.jpeg,0,1,0,0
1338.jpeg,1,0,0,0
1335.jpeg,1,0,0,0
4025.jpeg,0,1,0,0
620.jpeg,1,0,0,0
184.jpeg,1,0,0,0
4162.jpeg,0,1,0,0
3390.jpeg,0,1,0,0
538.jpeg,1,0,0,0
4846.jpeg,0,0,1,0
92.jpeg,1,0,0,0
5430.jpeg,1,0,0,0
2683.jpeg,0,1,0,0
3660.jpeg,0,1,0,0
1266.jpeg,1,0,0,0
1144.jpeg,1,0,0,0
5676.jpeg,0,1,0,0
2277.jpeg,0,1,0,0
3062.jpeg,0,1,0,0
3679.jpeg,0,1,0,0
5025.jpeg,0,1,0,0
3064.jpeg,0,1,0,0
3985.jpeg,0,0,1,0
4814.jpeg,0,0,1,0
4202.jpeg,0,1,0,0
365.jpeg,1,0,0,0
1860.jpeg,0,0,1,0
711.jpeg,1,0,0,0
2333.jpeg,0,1,0,0
2226.jpeg,0,1,0,0
1790.jpeg,0,1,0,0
260.jpeg,1,0,0,0
4845.jpeg,0,1,0,0
1165.jpeg,1,0,0,0
1348.jpeg,1,0,0,0
2756.jpeg,0,1,0,0
1464.jpeg,0,0,1,0
5834.jpeg,0,0,1,0
5383.jpeg,1,0,0,0
4412.jpeg,0,1,0,0
3324.jpeg,0,1,0,0
5078.jpeg,0,1,0,0
4725.jpeg,0,1,0,0
2377.jpeg,0,1,0,0
2977.jpeg,0,1,0,0
683.jpeg,1,0,0,0
1269.jpeg,1,0,0,0
4566.jpeg,0,0,1,0
5247.jpeg,0,1,0,0
3600.jpeg,0,1,0,0
5686.jpeg,0,1,0,0
1930.jpeg,0,0,1,0
1290.jpeg,1,0,0,0
5145.jpeg,0,0,1,0
1396.jpeg,1,0,0,0
4341.jpeg,0,1,0,0
2398.jpeg,0,0,1,0
5183.jpeg,0,0,1,0
318.jpeg,1,0,0,0
998.jpeg,1,0,0,0
4062.jpeg,0,1,0,0
5583.jpeg,0,1,0,0
582.jpeg,1,0,0,0
3295.jpeg,0,1,0,0
2539.jpeg,0,1,0,0
4713.jpeg,0,1,0,0
5890.jpeg,0,0,1,0
5707.jpeg,0,1,0,0
5082.jpeg,0,1,0,0
2422.jpeg,0,1,0,0
5594.jpeg,0,1,0,0
1422.jpeg,0,1,0,0
4170.jpeg,0,1,0,0
3711.jpeg,0,1,0,0
4337.jpeg,0,0,1,0
2790.jpeg,0,1,0,0
5466.jpeg,1,0,0,0
4917.jpeg,0,1,0,0
3517.jpeg,0,1,0,0
4963.jpeg,0,1,0,0
4249.jpeg,0,0,1,0
5369.jpeg,1,0,0,0
4453.jpeg,0,1,0,0
325.jpeg,1,0,0,0
2274.jpeg,0,0,1,0
306.jpeg,1,0,0,0
141.jpeg,1,0,0,0
4554.jpeg,0,1,0,0
1640.jpeg,0,1,0,0
2582.jpeg,0,1,0,0
3808.jpeg,0,0,1,0
2647.jpeg,0,0,1,0
799.jpeg,1,0,0,0
1495.jpeg,0,0,1,0
1115.jpeg,1,0,0,0
1720.jpeg,0,1,0,0
4041.jpeg,0,0,1,0
5657.jpeg,0,1,0,0
5191.jpeg,0,1,0,0
5671.jpeg,0,1,0,0
5818.jpeg,0,0,1,0
1621.jpeg,0,0,1,0
2130.jpeg,0,1,0,0
416.jpeg,1,0,0,0
2788.jpeg,0,1,0,0
4261.jpeg,0,1,0,0
2672.jpeg,0,0,1,0
3669.jpeg,0,1,0,0
1009.jpeg,1,0,0,0
1580.jpeg,0,0,1,0
2456.jpeg,0,1,0,0
4378.jpeg,0,1,0,0
3502.jpeg,0,1,0,0
2649.jpeg,0,0,1,0
2099.jpeg,0,0,1,0
5778.jpeg,0,0,1,0
1603.jpeg,0,1,0,0
4535.jpeg,0,0,1,0
1563.jpeg,0,1,0,0
2026.jpeg,0,0,1,0
2250.jpeg,0,1,0,0
5872.jpeg,0,0,1,0
2343.jpeg,0,1,0,0
712.jpeg,1,0,0,0
1245.jpeg,1,0,0,0
71.jpeg,1,0,0,0
1686.jpeg,0,1,0,0
489.jpeg,1,0,0,0
4108.jpeg,0,0,1,0
2139.jpeg,0,0,1,0
4285.jpeg,0,1,0,0
383.jpeg,1,0,0,0
5177.jpeg,0,1,0,0
2879.jpeg,0,0,1,0
4735.jpeg,0,0,1,0
5541.jpeg,0,0,1,0
5216.jpeg,0,1,0,0
1785.jpeg,0,0,1,0
4462.jpeg,0,0,1,0
5187.jpeg,0,1,0,0
4415.jpeg,0,1,0,0
5350.jpeg,1,0,0,0
1923.jpeg,0,1,0,0
965.jpeg,1,0,0,0
5799.jpeg,0,0,1,0
4530.jpeg,0,1,0,0
2780.jpeg,0,1,0,0
3556.jpeg,0,1,0,0
5348.jpeg,1,0,0,0
2920.jpeg,0,0,1,0
2762.jpeg,0,1,0,0
3688.jpeg,0,0,1,0
2495.jpeg,0,0,1,0
2687.jpeg,0,0,1,0
778.jpeg,1,0,0,0
3860.jpeg,0,1,0,0
315.jpeg,1,0,0,0
5825.jpeg,0,0,1,0
4910.jpeg,0,0,1,0
4974.jpeg,0,1,0,0
4335.jpeg,0,1,0,0
3680.jpeg,0,1,0,0
3333.jpeg,0,1,0,0
5469.jpeg,1,0,0,0
5163.jpeg,0,1,0,0
3208.jpeg,0,0,1,0
1399.jpeg,0,0,1,0
1295.jpeg,1,0,0,0
5715.jpeg,0,1,0,0
3976.jpeg,0,1,0,0
5665.jpeg,0,1,0,0
303.jpeg,1,0,0,0
5756.jpeg,0,1,0,0
1592.jpeg,0,1,0,0
1694.jpeg,0,1,0,0
2240.jpeg,0,1,0,0
2591.jpeg,0,0,1,0
99.jpeg,1,0,0,0
68.jpeg,1,0,0,0
1183.jpeg,1,0,0,0
2479.jpeg,0,0,1,0
4423.jpeg,0,1,0,0
3391.jpeg,0,0,1,0
1488.jpeg,0,1,0,0
475.jpeg,1,0,0,0
744.jpeg,1,0,0,0
669.jpeg,1,0,0,0
607.jpeg,1,0,0,0
2188.jpeg,0,1,0,0
883.jpeg,1,0,0,0
5159.jpeg,0,0,1,0
2209.jpeg,0,1,0,0
4892.jpeg,0,0,1,0
833.jpeg,1,0,0,0
4975.jpeg,0,0,1,0
627.jpeg,1,0,0,0
4604.jpeg,0,0,1,0
5051.jpeg,0,1,0,0
1903.jpeg,0,0,1,0
1764.jpeg,0,1,0,0
160.jpeg,1,0,0,0
1230.jpeg,1,0,0,0
2991.jpeg,0,1,0,0
159.jpeg,1,0,0,0
3183.jpeg,0,1,0,0
4922.jpeg,0,1,0,0
5606.jpeg,0,1,0,0
2947.jpeg,0,1,0,0
871.jpeg,1,0,0,0
5891.jpeg,0,0,1,0
5357.jpeg,1,0,0,0
3458.jpeg,0,0,1,0
5680.jpeg,0,1,0,0
4551.jpeg,0,1,0,0
5401.jpeg,1,0,0,0
2243.jpeg,0,1,0,0
1079.jpeg,1,0,0,0
1749.jpeg,0,1,0,0
5376.jpeg,1,0,0,0
1352.jpeg,1,0,0,0
3690.jpeg,0,1,0,0
1387.jpeg,1,0,0,0
3586.jpeg,0,1,0,0
46.png,0,0,0,1
1182.jpeg,1,0,0,0
3190.jpeg,0,0,1,0
1837.jpeg,0,1,0,0
739.jpeg,1,0,0,0
823.jpeg,1,0,0,0
5484.jpeg,1,0,0,0
568.jpeg,1,0,0,0
3166.jpeg,0,1,0,0
5325.jpeg,1,0,0,0
2295.jpeg,0,1,0,0
4228.jpeg,0,1,0,0
415.jpeg,1,0,0,0
5007.jpeg,0,1,0,0
1565.jpeg,0,0,1,0
4803.jpeg,0,1,0,0
189.jpeg,1,0,0,0
2138.jpeg,0,1,0,0
1850.jpeg,0,0,1,0
592.jpeg,1,0,0,0
1111.jpeg,1,0,0,0
5305.jpeg,1,0,0,0
4393.jpeg,0,0,1,0
4316.jpeg,0,1,0,0
5572.jpeg,0,1,0,0
1040.jpeg,1,0,0,0
2049.jpeg,0,0,1,0
3282.jpeg,0,1,0,0
4325.jpeg,0,1,0,0
1297.jpeg,1,0,0,0
197.jpeg,1,0,0,0
1228.jpeg,1,0,0,0
3004.jpeg,0,1,0,0
3120.jpeg,0,1,0,0
4383.jpeg,0,0,1,0
5903.jpeg,0,0,1,0
5282.jpeg,0,0,1,0
903.jpeg,1,0,0,0
1327.jpeg,1,0,0,0
2401.jpeg,0,0,1,0
2037.jpeg,0,0,1,0
1416.jpeg,0,0,1,0
4173.jpeg,0,1,0,0
5227.jpeg,0,1,0,0
5356.jpeg,1,0,0,0
4684.jpeg,0,0,1,0
3349.jpeg,0,1,0,0
2151.jpeg,0,0,1,0
425.jpeg,1,0,0,0
1515.jpeg,0,1,0,0
3366.jpeg,0,1,0,0
4977.jpeg,0,0,1,0
1891.jpeg,0,1,0,0
2618.jpeg,0,1,0,0
4719.jpeg,0,1,0,0
3054.jpeg,0,1,0,0
3288.jpeg,0,1,0,0
1884.jpeg,0,0,1,0
4747.jpeg,0,1,0,0
801.jpeg,1,0,0,0
1543.jpeg,0,1,0,0
1175.jpeg,1,0,0,0
825.jpeg,1,0,0,0
225.jpeg,1,0,0,0
5095.jpeg,0,0,1,0
1332.jpeg,1,0,0,0
1670.jpeg,0,1,0,0
3919.jpeg,0,0,1,0
3738.jpeg,0,0,1,0
4849.jpeg,0,0,1,0
1581.jpeg,0,1,0,0
1334.jpeg,1,0,0,0
2769.jpeg,0,1,0,0
3991.jpeg,0,0,1,0
4429.jpeg,0,1,0,0
5260.jpeg,0,1,0,0
4483.jpeg,0,0,1,0
1776.jpeg,0,1,0,0
192.jpeg,1,0,0,0
2107.jpeg,0,1,0,0
2865.jpeg,0,1,0,0
5703.jpeg,0,1,0,0
1215.jpeg,1,0,0,0
3769.jpeg,0,1,0,0
3370.jpeg,0,1,0,0
4508.jpeg,0,1,0,0
2642.jpeg,0,0,1,0
1787.jpeg,0,1,0,0
80.jpeg,1,0,0,0
1324.jpeg,1,0,0,0
2802.jpeg,0,1,0,0
4982.jpeg,0,1,0,0
5710.jpeg,0,1,0,0
4576.jpeg,0,0,1,0
830.jpeg,1,0,0,0
2852.jpeg,0,1,0,0
2221.jpeg,0,1,0,0
3061.jpeg,0,1,0,0
2323.jpeg,0,0,1,0
5674.jpeg,0,1,0,0
3609.jpeg,0,0,1,0
1887.jpeg,0,1,0,0
601.jpeg,1,0,0,0
666.jpeg,1,0,0,0
122.jpeg,1,0,0,0
3100.jpeg,0,1,0,0
4386.jpeg,0,1,0,0
5868.jpeg,0,0,1,0
2636.jpeg,0,0,1,0
4182.jpeg,0,0,1,0
5435.jpeg,1,0,0,0
3091.jpeg,0,1,0,0
529.jpeg,1,0,0,0
3707.jpeg,0,0,1,0
3602.jpeg,0,0,1,0
1381.jpeg,1,0,0,0
1901.jpeg,0,0,1,0
660.jpeg,1,0,0,0
319.jpeg,1,0,0,0
2562.jpeg,0,1,0,0
831.jpeg,1,0,0,0
4379.jpeg,0,0,1,0
1536.jpeg,0,1,0,0
4817.jpeg,0,1,0,0
573.jpeg,1,0,0,0
3154.jpeg,0,1,0,0
3897.jpeg,0,0,1,0
4332.jpeg,0,0,1,0
1247.jpeg,1,0,0,0
59.jpeg,1,0,0,0
3973.jpeg,0,0,1,0
2735.jpeg,0,1,0,0
1553.jpeg,0,0,1,0
2521.jpeg,0,1,0,0
1595.jpeg,0,1,0,0
447.jpeg,1,0,0,0
219.jpeg,1,0,0,0
3734.jpeg,0,1,0,0
894.jpeg,1,0,0,0
2444.jpeg,0,0,1,0
1472.jpeg,0,0,1,0
4823.jpeg,0,0,1,0
3261.jpeg,0,1,0,0
1131.jpeg,1,0,0,0
1329.jpeg,1,0,0,0
451.jpeg,1,0,0,0
5575.jpeg,0,1,0,0
3760.jpeg,0,0,1,0
5546.jpeg,0,1,0,0
3510.jpeg,0,1,0,0
4450.jpeg,0,1,0,0
1392.jpeg,1,0,0,0
48.png,0,0,0,1
5565.jpeg,0,1,0,0
1110.jpeg,1,0,0,0
2668.jpeg,0,0,1,0
2543.jpeg,0,1,0,0
4844.jpeg,0,1,0,0
5765.jpeg,0,1,0,0
510.jpeg,1,0,0,0
4569.jpeg,0,1,0,0
2903.jpeg,0,1,0,0
5004.jpeg,0,1,0,0
2799.jpeg,0,1,0,0
1605.jpeg,0,0,1,0
5870.jpeg,0,0,1,0
1659.jpeg,0,1,0,0
217.jpeg,1,0,0,0
3569.jpeg,0,0,1,0
5902.jpeg,0,0,1,0
4111.jpeg,0,1,0,0
3414.jpeg,0,1,0,0
1717.jpeg,0,0,1,0
756.jpeg,1,0,0,0
1586.jpeg,0,0,1,0
3854.jpeg,0,1,0,0
4946.jpeg,0,0,1,0
2588.jpeg,0,0,1,0
4264.jpeg,0,1,0,0
21.jpeg,0,0,0,1
4307.jpeg,0,0,1,0
4239.jpeg,0,1,0,0
5668.jpeg,0,1,0,0
3315.jpeg,0,1,0,0
2132.jpeg,0,0,1,0
4010.jpeg,0,1,0,0
5234.jpeg,0,1,0,0
5513.jpeg,1,0,0,0
624.jpeg,1,0,0,0
1366.jpeg,1,0,0,0
300.jpeg,1,0,0,0
322.jpeg,1,0,0,0
4203.jpeg,0,1,0,0
616.jpeg,1,0,0,0
4149.jpeg,0,1,0,0
1494.jpeg,0,1,0,0
1054.jpeg,1,0,0,0
123.jpeg,1,0,0,0
1879.jpeg,0,0,1,0
5772.jpeg,0,1,0,0
1871.jpeg,0,1,0,0
4828.jpeg,0,0,1,0
3413.jpeg,0,1,0,0
4344.jpeg,0,0,1,0
5167.jpeg,0,1,0,0
865.jpeg,1,0,0,0
5371.jpeg,1,0,0,0
281.jpeg,1,0,0,0
3884.jpeg,0,1,0,0
2251.jpeg,0,1,0,0
384.jpeg,1,0,0,0
4864.jpeg,0,1,0,0
524.jpeg,1,0,0,0
730.jpeg,1,0,0,0
4522.jpeg,0,1,0,0
2575.jpeg,0,1,0,0
1050.jpeg,1,0,0,0
3924.jpeg,0,1,0,0
3862.jpeg,0,0,1,0
3157.jpeg,0,1,0,0
2437.jpeg,0,0,1,0
2925.jpeg,0,0,1,0
2904.jpeg,0,1,0,0
3284.jpeg,0,1,0,0
5650.jpeg,0,1,0,0
5353.jpeg,1,0,0,0
5340.jpeg,1,0,0,0
112.jpeg,1,0,0,0
3756.jpeg,0,0,1,0
156.jpeg,1,0,0,0
5830.jpeg,0,0,1,0
3452.jpeg,0,1,0,0
2372.jpeg,0,1,0,0
4354.jpeg,0,1,0,0
5245.jpeg,0,1,0,0
5315.jpeg,1,0,0,0
4908.jpeg,0,1,0,0
3155.jpeg,0,1,0,0
461.jpeg,1,0,0,0
3666.jpeg,0,1,0,0
5531.jpeg,0,0,1,0
1178.jpeg,1,0,0,0
765.jpeg,1,0,0,0
4505.jpeg,0,0,1,0
5689.jpeg,0,1,0,0
5254.jpeg,0,0,1,0
4240.jpeg,0,0,1,0
1371.jpeg,1,0,0,0
2066.jpeg,0,1,0,0
4923.jpeg,0,0,1,0
746.jpeg,1,0,0,0
4168.jpeg,0,1,0,0
2937.jpeg,0,0,1,0
4590.jpeg,0,0,1,0
4287.jpeg,0,0,1,0
5655.jpeg,0,1,0,0
1870.jpeg,0,0,1,0
3967.jpeg,0,0,1,0
4336.jpeg,0,1,0,0
5152.jpeg,0,1,0,0
1090.jpeg,1,0,0,0
5339.jpeg,1,0,0,0
4157.jpeg,0,0,1,0
3231.jpeg,0,1,0,0
1830.jpeg,0,1,0,0
327.jpeg,1,0,0,0
1262.jpeg,1,0,0,0
3109.jpeg,0,1,0,0
4996.jpeg,0,0,1,0
4826.jpeg,0,1,0,0
3266.jpeg,0,1,0,0
412.jpeg,1,0,0,0
179.jpeg,1,0,0,0
3443.jpeg,0,1,0,0
4171.jpeg,0,0,1,0
3692.jpeg,0,1,0,0
2461.jpeg,0,0,1,0
438.jpeg,1,0,0,0
2070.jpeg,0,0,1,0
5486.jpeg,1,0,0,0
5.jpg,0,0,0,1
2866.jpeg,0,1,0,0
1875.jpeg,0,0,1,0
4049.jpeg,0,1,0,0
2489.jpeg,0,0,1,0
5454.jpeg,1,0,0,0
2945.jpeg,0,1,0,0
2029.jpeg,0,1,0,0
1449.jpeg,0,1,0,0
4225.jpeg,0,1,0,0
3742.jpeg,0,0,1,0
4030.jpeg,0,1,0,0
688.jpeg,1,0,0,0
2388.jpeg,0,1,0,0
609.jpeg,1,0,0,0
500.jpeg,1,0,0,0
3992.jpeg,0,1,0,0
5135.jpeg,0,0,1,0
1976.jpeg,0,1,0,0
4870.jpeg,0,1,0,0
4841.jpeg,0,0,1,0
5034.jpeg,0,0,1,0
3017.jpeg,0,0,1,0
3471.jpeg,0,1,0,0
140.jpeg,1,0,0,0
2043.jpeg,0,1,0,0
4244.jpeg,0,1,0,0
5373.jpeg,1,0,0,0
1271.jpeg,1,0,0,0
3975.jpeg,0,0,1,0
5268.jpeg,0,0,1,0
1382.jpeg,1,0,0,0
3161.jpeg,0,1,0,0
4880.jpeg,0,0,1,0
1653.jpeg,0,0,1,0
1817.jpeg,0,1,0,0
4189.jpeg,0,1,0,0
5186.jpeg,0,0,1,0
3687.jpeg,0,0,1,0
4930.jpeg,0,1,0,0
5593.jpeg,0,1,0,0
5649.jpeg,0,1,0,0
4847.jpeg,0,1,0,0
3049.jpeg,0,1,0,0
1204.jpeg,1,0,0,0
1359.jpeg,1,0,0,0
629.jpeg,1,0,0,0
1840.jpeg,0,0,1,0
1724.jpeg,0,1,0,0
5701.jpeg,0,1,0,0
1276.jpeg,1,0,0,0
4456.jpeg,0,1,0,0
5545.jpeg,0,1,0,0
5611.jpeg,0,1,0,0
2800.jpeg,0,1,0,0
2971.jpeg,0,0,1,0
2814.jpeg,0,1,0,0
1509.jpeg,0,0,1,0
603.jpeg,1,0,0,0
5404.jpeg,1,0,0,0
145.jpeg,1,0,0,0
1169.jpeg,1,0,0,0
4624.jpeg,0,1,0,0
1126.jpeg,1,0,0,0
5192.jpeg,0,0,1,0
2806.jpeg,0,1,0,0
5522.jpeg,0,0,1,0
1378.jpeg,1,0,0,0
3114.jpeg,0,1,0,0
1072.jpeg,1,0,0,0
2362.jpeg,0,1,0,0
56.jpg,0,0,0,1
2073.jpeg,0,1,0,0
4394.jpeg,0,1,0,0
1442.jpeg,0,1,0,0
3387.jpeg,0,1,0,0
5057.jpeg,0,0,1,0
5581.jpeg,0,1,0,0
1721.jpeg,0,0,1,0
4663.jpeg,0,1,0,0
1743.jpeg,0,0,1,0
3888.jpeg,0,1,0,0
1792.jpeg,0,1,0,0
4620.jpeg,0,1,0,0
3598.jpeg,0,0,1,0
5787.jpeg,0,0,1,0
2109.jpeg,0,1,0,0
5679.jpeg,0,1,0,0
5071.jpeg,0,1,0,0
1142.jpeg,1,0,0,0
2378.jpeg,0,1,0,0
5893.jpeg,0,0,1,0
2939.jpeg,0,0,1,0
5697.jpeg,0,1,0,0
2753.jpeg,0,1,0,0
2140.jpeg,0,1,0,0
3729.jpeg,0,1,0,0
2524.jpeg,0,1,0,0
1513.jpeg,0,0,1,0
721.jpeg,1,0,0,0
988.jpeg,1,0,0,0
2242.jpeg,0,0,1,0
280.jpeg,1,0,0,0
3634.jpeg,0,1,0,0
4348.jpeg,0,0,1,0
918.jpeg,1,0,0,0
4422.jpeg,0,1,0,0
2048.jpeg,0,0,1,0
2383.jpeg,0,0,1,0
301.jpeg,1,0,0,0
4459.jpeg,0,1,0,0
3626.jpeg,0,1,0,0
298.jpeg,1,0,0,0
1461.jpeg,0,1,0,0
2835.jpeg,0,1,0,0
4302.jpeg,0,1,0,0
3320.jpeg,0,0,1,0
3279.jpeg,0,0,1,0
672.jpeg,1,0,0,0
809.jpeg,1,0,0,0
2266.jpeg,0,1,0,0
5495.jpeg,1,0,0,0
1226.jpeg,1,0,0,0
892.jpeg,1,0,0,0
521.jpeg,1,0,0,0
2951.jpeg,0,1,0,0
4932.jpeg,0,1,0,0
3384.jpeg,0,1,0,0
3105.jpeg,0,1,0,0
1821.jpeg,0,1,0,0
1915.jpeg,0,0,1,0
2081.jpeg,0,1,0,0
3637.jpeg,0,1,0,0
1112.jpeg,1,0,0,0
2822.jpeg,0,1,0,0
1689.jpeg,0,0,1,0
1429.jpeg,0,1,0,0
2091.jpeg,0,1,0,0
2128.jpeg,0,1,0,0
5681.jpeg,0,0,1,0
3931.jpeg,0,1,0,0
2850.jpeg,0,1,0,0
5444.jpeg,1,0,0,0
4031.jpeg,0,1,0,0
2369.jpeg,0,0,1,0
5059.jpeg,0,0,1,0
2728.jpeg,0,1,0,0
3988.jpeg,0,0,1,0
2170.jpeg,0,1,0,0
2334.jpeg,0,0,1,0
3010.jpeg,0,1,0,0
193.jpeg,1,0,0,0
3018.jpeg,0,1,0,0
1882.jpeg,0,0,1,0
4811.jpeg,0,0,1,0
5866.jpeg,0,0,1,0
1609.jpeg,0,0,1,0
2954.jpeg,0,0,1,0
2534.jpeg,0,1,0,0
3467.jpeg,0,1,0,0
3623.jpeg,0,1,0,0
3275.jpeg,0,1,0,0
3698.jpeg,0,1,0,0
5294.jpeg,1,0,0,0
5503.jpeg,1,0,0,0
3560.jpeg,0,1,0,0
3011.jpeg,0,1,0,0
1220.jpeg,1,0,0,0
5364.jpeg,1,0,0,0
63.jpeg,1,0,0,0
4586.jpeg,0,0,1,0
4377.jpeg,0,1,0,0
1191.jpeg,1,0,0,0
1854.jpeg,0,0,1,0
3433.jpeg,0,1,0,0
3072.jpeg,0,1,0,0
3480.jpeg,0,1,0,0
4357.jpeg,0,1,0,0
2192.jpeg,0,1,0,0
1568.jpeg,0,0,1,0
2994.jpeg,0,1,0,0
5029.jpeg,0,1,0,0
2288.jpeg,0,1,0,0
2739.jpeg,0,1,0,0
3755.jpeg,0,0,1,0
5180.jpeg,0,1,0,0
2602.jpeg,0,1,0,0
820.jpeg,1,0,0,0
3303.jpeg,0,1,0,0
2895.jpeg,0,1,0,0
2097.jpeg,0,0,1,0
5688.jpeg,0,1,0,0
983.jpeg,1,0,0,0
4665.jpeg,0,1,0,0
4254.jpeg,0,1,0,0
1103.jpeg,1,0,0,0
476.jpeg,1,0,0,0
1601.jpeg,0,1,0,0
4643.jpeg,0,0,1,0
2558.jpeg,0,1,0,0
4928.jpeg,0,0,1,0
1160.jpeg,1,0,0,0
4279.jpeg,0,1,0,0
1780.jpeg,0,0,1,0
608.jpeg,1,0,0,0
1310.jpeg,1,0,0,0
3683.jpeg,0,1,0,0
2498.jpeg,0,1,0,0
2001.jpeg,0,0,1,0
3853.jpeg,0,1,0,0
1590.jpeg,0,1,0,0
3465.jpeg,0,1,0,0
2168.jpeg,0,1,0,0
1468.jpeg,0,0,1,0
2734.jpeg,0,1,0,0
2092.jpeg,0,1,0,0
2089.jpeg,0,0,1,0
827.jpeg,1,0,0,0
5877.jpeg,0,0,1,0
5452.jpeg,1,0,0,0
2820.jpeg,0,1,0,0
3179.jpeg,0,1,0,0
4214.jpeg,0,0,1,0
5330.jpeg,1,0,0,0
3757.jpeg,0,0,1,0
41.jpeg,0,0,0,1
364.jpeg,1,0,0,0
4339.jpeg,0,1,0,0
1418.jpeg,0,0,1,0
4097.jpeg,0,1,0,0
3381.jpeg,0,1,0,0
3674.jpeg,0,1,0,0
5259.jpeg,0,0,1,0
1836.jpeg,0,0,1,0
431.jpeg,1,0,0,0
190.jpeg,1,0,0,0
1075.jpeg,1,0,0,0
4201.jpeg,0,0,1,0
4471.jpeg,0,1,0,0
2307.jpeg,0,0,1,0
1861.jpeg,0,0,1,0
4898.jpeg,0,0,1,0
142.jpeg,1,0,0,0
332.jpeg,1,0,0,0
3815.jpeg,0,0,1,0
5548.jpeg,0,1,0,0
3013.jpeg,0,1,0,0
2584.jpeg,0,1,0,0
2103.jpeg,0,0,1,0
2787.jpeg,0,1,0,0
1712.jpeg,0,1,0,0
4099.jpeg,0,1,0,0
5424.jpeg,1,0,0,0
4670.jpeg,0,1,0,0
3238.jpeg,0,1,0,0
5809.jpeg,0,0,1,0
29.jpeg,0,0,0,1
3934.jpeg,0,1,0,0
5858.jpeg,0,1,0,0
5242.jpeg,0,0,1,0
3466.jpeg,0,1,0,0
249.jpeg,1,0,0,0
4895.jpeg,0,0,1,0
4790.jpeg,0,1,0,0
4094.jpeg,0,1,0,0
5664.jpeg,0,1,0,0
3622.jpeg,0,0,1,0
4782.jpeg,0,0,1,0
355.jpeg,1,0,0,0
1024.jpeg,1,0,0,0
3863.jpeg,0,1,0,0
5448.jpeg,1,0,0,0
2421.jpeg,0,1,0,0
2265.jpeg,0,1,0,0
346.jpeg,1,0,0,0
3484.jpeg,0,0,1,0
623.jpeg,1,0,0,0
339.jpeg,1,0,0,0
5528.jpeg,0,1,0,0
2447.jpeg,0,0,1,0
4138.jpeg,0,1,0,0
4872.jpeg,0,0,1,0
4001.jpeg,0,0,1,0
2654.jpeg,0,1,0,0
4742.jpeg,0,1,0,0
1610.jpeg,0,1,0,0
1831.jpeg,0,0,1,0
4710.jpeg,0,1,0,0
3459.jpeg,0,1,0,0
4630.jpeg,0,0,1,0
1265.jpeg,1,0,0,0
3942.jpeg,0,1,0,0
1998.jpeg,0,0,1,0
4577.jpeg,0,1,0,0
743.jpeg,1,0,0,0
4278.jpeg,0,1,0,0
5557.jpeg,0,1,0,0
2329.jpeg,0,1,0,0
5148.jpeg,0,1,0,0
348.jpeg,1,0,0,0
4960.jpeg,0,1,0,0
4213.jpeg,0,1,0,0
3693.jpeg,0,1,0,0
3540.jpeg,0,0,1,0
939.jpeg,1,0,0,0
4626.jpeg,0,0,1,0
266.jpeg,1,0,0,0
2910.jpeg,0,0,1,0
1141.jpeg,1,0,0,0
5602.jpeg,0,1,0,0
2546.jpeg,0,0,1,0
4231.jpeg,0,1,0,0
143.jpeg,1,0,0,0
1934.jpeg,0,1,0,0
4055.jpeg,0,1,0,0
5418.jpeg,1,0,0,0
1251.jpeg,1,0,0,0
4998.jpeg,0,0,1,0
4815.jpeg,0,1,0,0
5780.jpeg,0,0,1,0
1240.jpeg,1,0,0,0
1727.jpeg,0,0,1,0
5443.jpeg,1,0,0,0
1233.jpeg,1,0,0,0
2771.jpeg,0,1,0,0
1080.jpeg,1,0,0,0
3614.jpeg,0,1,0,0
5807.jpeg,0,0,1,0
1561.jpeg,0,1,0,0
1417.jpeg,0,0,1,0
1485.jpeg,0,0,1,0
368.jpeg,1,0,0,0
3627.jpeg,0,0,1,0
1650.jpeg,0,1,0,0
1655.jpeg,0,0,1,0
4730.jpeg,0,1,0,0
1314.jpeg,1,0,0,0
4891.jpeg,0,0,1,0
5634.jpeg,0,1,0,0
2358.jpeg,0,1,0,0
2164.jpeg,0,1,0,0
2678.jpeg,0,0,1,0
4623.jpeg,0,0,1,0
2810.jpeg,0,1,0,0
578.jpeg,1,0,0,0
5195.jpeg,0,1,0,0
1407.jpeg,0,0,1,0
3667.jpeg,0,0,1,0
2875.jpeg,0,1,0,0
1741.jpeg,0,0,1,0
846.jpeg,1,0,0,0
3127.jpeg,0,1,0,0
4699.jpeg,0,1,0,0
3951.jpeg,0,0,1,0
1533.jpeg,0,1,0,0
3235.jpeg,0,1,0,0
4160.jpeg,0,1,0,0
1239.jpeg,1,0,0,0
4750.jpeg,0,1,0,0
2041.jpeg,0,0,1,0
4636.jpeg,0,0,1,0
3189.jpeg,0,0,1,0
2072.jpeg,0,0,1,0
4912.jpeg,0,1,0,0
5000.jpeg,0,1,0,0
2932.jpeg,0,0,1,0
3720.jpeg,0,1,0,0
4308.jpeg,0,1,0,0
3900.jpeg,0,1,0,0
2374.jpeg,0,0,1,0
5392.jpeg,1,0,0,0
4926.jpeg,0,1,0,0
4385.jpeg,0,0,1,0
4205.jpeg,0,1,0,0
253.jpeg,1,0,0,0
3129.jpeg,0,1,0,0
3336.jpeg,0,1,0,0
5091.jpeg,0,1,0,0
5321.jpeg,1,0,0,0
5263.jpeg,0,0,1,0
4424.jpeg,0,0,1,0
3791.jpeg,0,1,0,0
2544.jpeg,0,0,1,0
1087.jpeg,1,0,0,0
4306.jpeg,0,1,0,0
237.jpeg,1,0,0,0
2863.jpeg,0,1,0,0
3116.jpeg,0,1,0,0
2245.jpeg,0,0,1,0
5170.jpeg,0,0,1,0
406.jpeg,1,0,0,0
821.jpeg,1,0,0,0
5027.jpeg,0,0,1,0
3407.jpeg,0,1,0,0
762.jpeg,1,0,0,0
699.jpeg,1,0,0,0
2700.jpeg,0,1,0,0
2409.jpeg,0,1,0,0
275.jpeg,1,0,0,0
3030.jpeg,0,1,0,0
5198.jpeg,0,1,0,0
2433.jpeg,0,1,0,0
2459.jpeg,0,0,1,0
3945.jpeg,0,1,0,0
3184.jpeg,0,1,0,0
5119.jpeg,0,1,0,0
3086.jpeg,0,1,0,0
522.jpeg,1,0,0,0
1478.jpeg,0,0,1,0
233.jpeg,1,0,0,0
5272.jpeg,0,0,1,0
2507.jpeg,0,0,1,0
2440.jpeg,0,0,1,0
5475.jpeg,1,0,0,0
3632.jpeg,0,1,0,0
2974.jpeg,0,0,1,0
3629.jpeg,0,0,1,0
3110.jpeg,0,1,0,0
2519.jpeg,0,1,0,0
3677.jpeg,0,1,0,0
2207.jpeg,0,1,0,0
2625.jpeg,0,0,1,0
2202.jpeg,0,1,0,0
2034.jpeg,0,0,1,0
1454.jpeg,0,0,1,0
426.jpeg,1,0,0,0
5678.jpeg,0,1,0,0
5189.jpeg,0,1,0,0
2186.jpeg,0,1,0,0
3098.jpeg,0,1,0,0
3463.jpeg,0,1,0,0
4802.jpeg,0,1,0,0
5017.jpeg,0,1,0,0
4073.jpeg,0,1,0,0
3153.jpeg,0,1,0,0
3830.jpeg,0,1,0,0
1279.jpeg,1,0,0,0
4901.jpeg,0,0,1,0
180.jpeg,1,0,0,0
1388.jpeg,1,0,0,0
1688.jpeg,0,1,0,0
5776.jpeg,0,1,0,0
921.jpeg,1,0,0,0
3294.jpeg,0,1,0,0
110.jpeg,1,0,0,0
658.jpeg,1,0,0,0
5409.jpeg,1,0,0,0
4487.jpeg,0,0,1,0
1055.jpeg,1,0,0,0
414.jpeg,1,0,0,0
3460.jpeg,0,0,1,0
750.jpeg,1,0,0,0
468.jpeg,1,0,0,0
2027.jpeg,0,0,1,0
5256.jpeg,0,0,1,0
2747.jpeg,0,1,0,0
5789.jpeg,0,0,1,0
844.jpeg,1,0,0,0
953.jpeg,1,0,0,0
2490.jpeg,0,0,1,0
3285.jpeg,0,1,0,0
2854.jpeg,0,1,0,0
1045.jpeg,1,0,0,0
5377.jpeg,1,0,0,0
2877.jpeg,0,0,1,0
4334.jpeg,0,1,0,0
2537.jpeg,0,1,0,0
3718.jpeg,0,1,0,0
5365.jpeg,1,0,0,0
4881.jpeg,0,1,0,0
5607.jpeg,0,1,0,0
2074.jpeg,0,1,0,0
3735.jpeg,0,0,1,0
347.jpeg,1,0,0,0
1391.jpeg,1,0,0,0
1649.jpeg,0,0,1,0
3313.jpeg,0,0,1,0
2395.jpeg,0,0,1,0
3519.jpeg,0,0,1,0
2909.jpeg,0,0,1,0
2973.jpeg,0,1,0,0
199.jpeg,1,0,0,0
3542.jpeg,0,0,1,0
4984.jpeg,0,1,0,0
3741.jpeg,0,0,1,0
4380.jpeg,0,1,0,0
2786.jpeg,0,1,0,0
270.jpeg,1,0,0,0
2805.jpeg,0,1,0,0
3438.jpeg,0,1,0,0
2215.jpeg,0,1,0,0
4971.jpeg,0,0,1,0
4063.jpeg,0,0,1,0
1083.jpeg,1,0,0,0
881.jpeg,1,0,0,0
5138.jpeg,0,1,0,0
3160.jpeg,0,1,0,0
1481.jpeg,0,1,0,0
1294.jpeg,1,0,0,0
2184.jpeg,0,1,0,0
570.jpeg,1,0,0,0
884.jpeg,1,0,0,0
2182.jpeg,0,0,1,0
5366.jpeg,1,0,0,0
5308.jpeg,1,0,0,0
710.jpeg,1,0,0,0
5669.jpeg,0,1,0,0
5193.jpeg,0,1,0,0
3138.jpeg,0,1,0,0
3224.jpeg,0,1,0,0
2552.jpeg,0,1,0,0
4463.jpeg,0,1,0,0
4371.jpeg,0,1,0,0
5735.jpeg,0,1,0,0
796.jpeg,1,0,0,0
4485.jpeg,0,1,0,0
5043.jpeg,0,1,0,0
3796.jpeg,0,1,0,0
3983.jpeg,0,1,0,0
4044.jpeg,0,1,0,0
4207.jpeg,0,0,1,0
1277.jpeg,1,0,0,0
2774.jpeg,0,1,0,0
4539.jpeg,0,1,0,0
922.jpeg,1,0,0,0
5101.jpeg,0,0,1,0
4722.jpeg,0,1,0,0
444.jpeg,1,0,0,0
2823.jpeg,0,1,0,0
563.jpeg,1,0,0,0
2712.jpeg,0,1,0,0
1800.jpeg,0,0,1,0
2707.jpeg,0,1,0,0
5753.jpeg,0,1,0,0
1221.jpeg,1,0,0,0
1000.jpeg,1,0,0,0
1106.jpeg,1,0,0,0
4724.jpeg,0,1,0,0
3027.jpeg,0,1,0,0
1849.jpeg,0,1,0,0
4727.jpeg,0,1,0,0
3451.jpeg,0,1,0,0
191.jpeg,1,0,0,0
720.jpeg,1,0,0,0
5296.jpeg,1,0,0,0
1060.jpeg,1,0,0,0
1622.jpeg,0,1,0,0
1404.jpeg,0,0,1,0
806.jpeg,1,0,0,0
367.jpeg,1,0,0,0
4573.jpeg,0,0,1,0
643.jpeg,1,0,0,0
3255.jpeg,0,0,1,0
4718.jpeg,0,0,1,0
749.jpeg,1,0,0,0
381.jpeg,1,0,0,0
1711.jpeg,0,0,1,0
674.jpeg,1,0,0,0
2603.jpeg,0,1,0,0
2472.jpeg,0,1,0,0
5024.jpeg,0,0,1,0
4364.jpeg,0,1,0,0
429.jpeg,1,0,0,0
2141.jpeg,0,0,1,0
5132.jpeg,0,1,0,0
4701.jpeg,0,1,0,0
1264.jpeg,1,0,0,0
4915.jpeg,0,0,1,0
3083.jpeg,0,1,0,0
5863.jpeg,0,0,1,0
997.jpeg,1,0,0,0
4758.jpeg,0,0,1,0
2944.jpeg,0,1,0,0
4211.jpeg,0,1,0,0
3071.jpeg,0,1,0,0
1134.jpeg,1,0,0,0
829.jpeg,1,0,0,0
2569.jpeg,0,1,0,0
3435.jpeg,0,0,1,0
2576.jpeg,0,0,1,0
713.jpeg,1,0,0,0
4812.jpeg,0,1,0,0
5827.jpeg,0,0,1,0
2359.jpeg,0,1,0,0
3515.jpeg,0,1,0,0
1482.jpeg,0,0,1,0
693.jpeg,1,0,0,0
3214.jpeg,0,1,0,0
2919.jpeg,0,0,1,0
3219.jpeg,0,1,0,0
896.jpeg,1,0,0,0
1349.jpeg,1,0,0,0
86.jpeg,1,0,0,0
4780.jpeg,0,1,0,0
4067.jpeg,0,1,0,0
4519.jpeg,0,0,1,0
1905.jpeg,0,0,1,0
2808.jpeg,0,1,0,0
2429.jpeg,0,1,0,0
1900.jpeg,0,1,0,0
984.jpeg,1,0,0,0
5885.jpeg,0,0,1,0
3699.jpeg,0,1,0,0
2110.jpeg,0,0,1,0
3704.jpeg,0,1,0,0
2025.jpeg,0,0,1,0
1938.jpeg,0,1,0,0
761.jpeg,1,0,0,0
2487.jpeg,0,0,1,0
3820.jpeg,0,1,0,0
1981.jpeg,0,0,1,0
867.jpeg,1,0,0,0
3825.jpeg,0,1,0,0
1926.jpeg,0,1,0,0
4556.jpeg,0,1,0,0
3241.jpeg,0,1,0,0
5106.jpeg,0,1,0,0
1506.jpeg,0,0,1,0
2601.jpeg,0,1,0,0
3001.jpeg,0,1,0,0
4219.jpeg,0,1,0,0
1216.jpeg,1,0,0,0
5684.jpeg,0,1,0,0
664.jpeg,1,0,0,0
3764.jpeg,0,0,1,0
4890.jpeg,0,1,0,0
3291.jpeg,0,1,0,0
3396.jpeg,0,1,0,0
4999.jpeg,0,1,0,0
1067.jpeg,1,0,0,0
863.jpeg,1,0,0,0
3495.jpeg,0,1,0,0
4825.jpeg,0,0,1,0
3857.jpeg,0,0,1,0
2457.jpeg,0,1,0,0
2933.jpeg,0,1,0,0
235.jpeg,1,0,0,0
4740.jpeg,0,1,0,0
1034.jpeg,1,0,0,0
2845.jpeg,0,1,0,0
3847.jpeg,0,1,0,0
4498.jpeg,0,1,0,0
5731.jpeg,0,1,0,0
4512.jpeg,0,1,0,0
389.jpeg,1,0,0,0
3916.jpeg,0,0,1,0
2055.jpeg,0,1,0,0
1872.jpeg,0,0,1,0
1956.jpeg,0,1,0,0
4082.jpeg,0,1,0,0
3869.jpeg,0,0,1,0
3314.jpeg,0,1,0,0
1617.jpeg,0,0,1,0
5107.jpeg,0,1,0,0
4952.jpeg,0,1,0,0
4326.jpeg,0,1,0,0
5137.jpeg,0,0,1,0
4838.jpeg,0,1,0,0
4705.jpeg,0,1,0,0
4312.jpeg,0,1,0,0
5011.jpeg,0,1,0,0
2888.jpeg,0,1,0,0
4949.jpeg,0,1,0,0
3404.jpeg,0,0,1,0
2067.jpeg,0,1,0,0
496.jpeg,1,0,0,0
753.jpeg,1,0,0,0
567.jpeg,1,0,0,0
2270.jpeg,0,0,1,0
4141.jpeg,0,0,1,0
3785.jpeg,0,1,0,0
3273.jpeg,0,1,0,0
3681.jpeg,0,1,0,0
4981.jpeg,0,1,0,0
663.jpeg,1,0,0,0
1070.jpeg,1,0,0,0
4233.jpeg,0,0,1,0
2163.jpeg,0,1,0,0
4410.jpeg,0,1,0,0
5847.jpeg,0,0,1,0
5717.jpeg,0,1,0,0
209.jpeg,1,0,0,0
66.jpeg,1,0,0,0
928.jpeg,1,0,0,0
4736.jpeg,0,0,1,0
2213.jpeg,0,1,0,0
523.jpeg,1,0,0,0
4347.jpeg,0,1,0,0
718.jpeg,1,0,0,0
5251.jpeg,0,0,1,0
3014.jpeg,0,1,0,0
4166.jpeg,0,1,0,0
5214.jpeg,0,1,0,0
3182.jpeg,0,1,0,0
706.jpeg,1,0,0,0
3393.jpeg,0,1,0,0
5874.jpeg,0,0,1,0
4995.jpeg,0,0,1,0
1218.jpeg,1,0,0,0
2350.jpeg,0,0,1,0
2690.jpeg,0,0,1,0
3903.jpeg,0,1,0,0
437.jpeg,1,0,0,0
4524.jpeg,0,0,1,0
5881.jpeg,0,0,1,0
4565.jpeg,0,1,0,0
2825.jpeg,0,1,0,0
3115.jpeg,0,1,0,0
4652.jpeg,0,1,0,0
3906.jpeg,0,0,1,0
1255.jpeg,1,0,0,0
5241.jpeg,0,0,1,0
3090.jpeg,0,1,0,0
873.jpeg,1,0,0,0
520.jpeg,1,0,0,0
930.jpeg,1,0,0,0
2210.jpeg,0,1,0,0
2821.jpeg,0,1,0,0
1773.jpeg,0,1,0,0
454.jpeg,1,0,0,0
4760.jpeg,0,1,0,0
667.jpeg,1,0,0,0
834.jpeg,1,0,0,0
1722.jpeg,0,1,0,0
331.jpeg,1,0,0,0
3309.jpeg,0,1,0,0
4045.jpeg,0,1,0,0
1511.jpeg,0,0,1,0
4473.jpeg,0,1,0,0
4029.jpeg,0,1,0,0
1200.jpeg,1,0,0,0
5558.jpeg,0,1,0,0
1250.jpeg,1,0,0,0
4257.jpeg,0,1,0,0
37.jpeg,0,0,0,1
1293.jpeg,1,0,0,0
15.jpeg,0,0,0,1
360.jpeg,1,0,0,0
2408.jpeg,0,1,0,0
358.jpeg,1,0,0,0
798.jpeg,1,0,0,0
4028.jpeg,0,1,0,0
1766.jpeg,0,1,0,0
938.jpeg,1,0,0,0
4297.jpeg,0,1,0,0
4778.jpeg,0,1,0,0
684.jpeg,1,0,0,0
1253.jpeg,1,0,0,0
975.jpeg,1,0,0,0
1538.jpeg,0,1,0,0
31.jpeg,0,0,0,1
5520.jpeg,0,0,1,0
5066.jpeg,0,0,1,0
590.jpeg,1,0,0,0
670.jpeg,1,0,0,0
717.jpeg,1,0,0,0
45.jpeg,0,0,0,1
5202.jpeg,0,0,1,0
5612.jpeg,0,1,0,0
2671.jpeg,0,1,0,0
5149.jpeg,0,0,1,0
1897.jpeg,0,1,0,0
4899.jpeg,0,0,1,0
1608.jpeg,0,0,1,0
3678.jpeg,0,0,1,0
1999.jpeg,0,1,0,0
5077.jpeg,0,0,1,0
4986.jpeg,0,1,0,0
3697.jpeg,0,1,0,0
2093.jpeg,0,0,1,0
540.jpeg,1,0,0,0
4280.jpeg,0,0,1,0
1961.jpeg,0,1,0,0
1827.jpeg,0,1,0,0
168.jpeg,1,0,0,0
79.jpeg,1,0,0,0
5601.jpeg,0,1,0,0
1970.jpeg,0,0,1,0
1463.jpeg,0,0,1,0
581.jpeg,1,0,0,0
5181.jpeg,0,0,1,0
4090.jpeg,0,1,0,0
487.jpeg,1,0,0,0
5206.jpeg,0,0,1,0
369.jpeg,1,0,0,0
1941.jpeg,0,0,1,0
5759.jpeg,0,1,0,0
4618.jpeg,0,1,0,0
5720.jpeg,0,1,0,0
3852.jpeg,0,1,0,0
2531.jpeg,0,1,0,0
1145.jpeg,1,0,0,0
1957.jpeg,0,1,0,0
4633.jpeg,0,0,1,0
5643.jpeg,0,1,0,0
2657.jpeg,0,0,1,0
621.jpeg,1,0,0,0
5760.jpeg,0,1,0,0
681.jpeg,1,0,0,0
70.jpeg,1,0,0,0
432.jpeg,1,0,0,0
2077.jpeg,0,1,0,0
1856.jpeg,0,1,0,0
2054.jpeg,0,1,0,0
5667.jpeg,0,1,0,0
2882.jpeg,0,1,0,0
5894.jpeg,0,0,1,0
5045.jpeg,0,1,0,0
5633.jpeg,0,1,0,0
5380.jpeg,1,0,0,0
4095.jpeg,0,1,0,0
1701.jpeg,0,1,0,0
484.jpeg,1,0,0,0
2568.jpeg,0,1,0,0
2982.jpeg,0,0,1,0
1554.jpeg,0,1,0,0
4504.jpeg,0,1,0,0
2148.jpeg,0,1,0,0
2171.jpeg,0,0,1,0
5421.jpeg,1,0,0,0
3839.jpeg,0,1,0,0
5559.jpeg,0,1,0,0
328.jpeg,1,0,0,0
4595.jpeg,0,1,0,0
1153.jpeg,1,0,0,0
3473.jpeg,0,1,0,0
1631.jpeg,0,1,0,0
3946.jpeg,0,0,1,0
1933.jpeg,0,0,1,0
1853.jpeg,0,1,0,0
2165.jpeg,0,0,1,0
1078.jpeg,1,0,0,0
5038.jpeg,0,0,1,0
3963.jpeg,0,1,0,0
5069.jpeg,0,1,0,0
1729.jpeg,0,0,1,0
3781.jpeg,0,0,1,0
2180.jpeg,0,1,0,0
4677.jpeg,0,1,0,0
1525.jpeg,0,0,1,0
4919.jpeg,0,1,0,0
1677.jpeg,0,0,1,0
818.jpeg,1,0,0,0
4564.jpeg,0,0,1,0
186.jpeg,1,0,0,0
1560.jpeg,0,0,1,0
2306.jpeg,0,0,1,0
1104.jpeg,1,0,0,0
4324.jpeg,0,1,0,0
5292.jpeg,1,0,0,0
4537.jpeg,0,1,0,0
3982.jpeg,0,1,0,0
4659.jpeg,0,1,0,0
1258.jpeg,1,0,0,0
1231.jpeg,1,0,0,0
5405.jpeg,1,0,0,0
2660.jpeg,0,1,0,0
3714.jpeg,0,0,1,0
3859.jpeg,0,0,1,0
3641.jpeg,0,1,0,0
1302.jpeg,1,0,0,0
4.jpg,0,0,0,1
3838.jpeg,0,1,0,0
5185.jpeg,0,0,1,0
138.jpeg,1,0,0,0
5310.jpeg,1,0,0,0
4819.jpeg,0,1,0,0
5672.jpeg,0,1,0,0
1128.jpeg,1,0,0,0
2102.jpeg,0,0,1,0
3617.jpeg,0,1,0,0
4081.jpeg,0,1,0,0
2330.jpeg,0,0,1,0
4457.jpeg,0,0,1,0
5614.jpeg,0,1,0,0
481.jpeg,1,0,0,0
3947.jpeg,0,0,1,0
2522.jpeg,0,1,0,0
2412.jpeg,0,0,1,0
849.jpeg,1,0,0,0
1196.jpeg,1,0,0,0
3806.jpeg,0,0,1,0
2639.jpeg,0,1,0,0
5797.jpeg,0,0,1,0
1815.jpeg,0,1,0,0
72.jpeg,1,0,0,0
299.jpeg,1,0,0,0
3248.jpeg,0,1,0,0
1512.jpeg,0,0,1,0
5121.jpeg,0,0,1,0
4654.jpeg,0,1,0,0
3960.jpeg,0,1,0,0
5470.jpeg,1,0,0,0
2047.jpeg,0,1,0,0
259.jpeg,1,0,0,0
4753.jpeg,0,0,1,0
2367.jpeg,0,1,0,0
5016.jpeg,0,0,1,0
502.jpeg,1,0,0,0
5460.jpeg,1,0,0,0
2987.jpeg,0,0,1,0
3911.jpeg,0,1,0,0
330.jpeg,1,0,0,0
1789.jpeg,0,0,1,0
4534.jpeg,0,1,0,0
400.jpeg,1,0,0,0
267.jpeg,1,0,0,0
1450.jpeg,0,0,1,0
2561.jpeg,0,1,0,0
5762.jpeg,0,1,0,0
4770.jpeg,0,1,0,0
2867.jpeg,0,1,0,0
2905.jpeg,0,1,0,0
5142.jpeg,0,1,0,0
2972.jpeg,0,1,0,0
569.jpeg,1,0,0,0
5440.jpeg,1,0,0,0
4605.jpeg,0,1,0,0
1700.jpeg,0,0,1,0
5636.jpeg,0,1,0,0
2304.jpeg,0,0,1,0
3362.jpeg,0,1,0,0
511.jpeg,1,0,0,0
507.jpeg,1,0,0,0
3103.jpeg,0,1,0,0
1577.jpeg,0,1,0,0
3793.jpeg,0,1,0,0
3872.jpeg,0,1,0,0
2197.jpeg,0,1,0,0
5764.jpeg,0,1,0,0
3723.jpeg,0,1,0,0
1120.jpeg,1,0,0,0
4320.jpeg,0,0,1,0
3544.jpeg,0,1,0,0
1344.jpeg,1,0,0,0
935.jpeg,1,0,0,0
1809.jpeg,0,1,0,0
3896.jpeg,0,1,0,0
4691.jpeg,0,0,1,0
4299.jpeg,0,1,0,0
5018.jpeg,0,0,1,0
5708.jpeg,0,1,0,0
5653.jpeg,0,1,0,0
3399.jpeg,0,1,0,0
645.jpeg,1,0,0,0
1556.jpeg,0,1,0,0
605.jpeg,1,0,0,0
1170.jpeg,1,0,0,0
1955.jpeg,0,0,1,0
2528.jpeg,0,1,0,0
350.jpeg,1,0,0,0
4047.jpeg,0,1,0,0
39.jpeg,0,0,0,1
3813.jpeg,0,0,1,0
1959.jpeg,0,1,0,0
2996.jpeg,0,1,0,0
2574.jpeg,0,0,1,0
3233.jpeg,0,1,0,0
3763.jpeg,0,0,1,0
1497.jpeg,0,1,0,0
807.jpeg,1,0,0,0
234.jpeg,1,0,0,0
3365.jpeg,0,0,1,0
2218.jpeg,0,1,0,0
5124.jpeg,0,0,1,0
1089.jpeg,1,0,0,0
654.jpeg,1,0,0,0
2709.jpeg,0,1,0,0
1020.jpeg,1,0,0,0
5641.jpeg,0,1,0,0
5411.jpeg,1,0,0,0
2572.jpeg,0,1,0,0
5512.jpeg,1,0,0,0
1765.jpeg,0,0,1,0
75.jpeg,1,0,0,0
5849.jpeg,0,0,1,0
1952.jpeg,0,0,1,0
3814.jpeg,0,1,0,0
379.jpeg,1,0,0,0
5129.jpeg,0,0,1,0
2956.jpeg,0,1,0,0
1299.jpeg,1,0,0,0
1799.jpeg,0,1,0,0
2075.jpeg,0,1,0,0
4792.jpeg,0,0,1,0
3828.jpeg,0,1,0,0
1935.jpeg,0,1,0,0
2476.jpeg,0,0,1,0
5196.jpeg,0,0,1,0
455.jpeg,1,0,0,0
946.jpeg,1,0,0,0
4015.jpeg,0,1,0,0
2511.jpeg,0,0,1,0
3050.jpeg,0,1,0,0
2798.jpeg,0,1,0,0
4086.jpeg,0,1,0,0
1500.jpeg,0,1,0,0
67.jpeg,1,0,0,0
5507.jpeg,1,0,0,0
1713.jpeg,0,0,1,0
5580.jpeg,0,1,0,0
5097.jpeg,0,1,0,0
2694.jpeg,0,0,1,0
1950.jpeg,0,1,0,0
2273.jpeg,0,1,0,0
4589.jpeg,0,1,0,0
4103.jpeg,0,1,0,0
3145.jpeg,0,1,0,0
3894.jpeg,0,1,0,0
1775.jpeg,0,0,1,0
4728.jpeg,0,0,1,0
3868.jpeg,0,1,0,0
780.jpeg,1,0,0,0
3878.jpeg,0,1,0,0
2196.jpeg,0,1,0,0
3833.jpeg,0,1,0,0
135.jpeg,1,0,0,0
2455.jpeg,0,0,1,0
1964.jpeg,0,1,0,0
